farm_id,region,crop_type,soil_moisture_%,soil_pH,temperature_C,rainfall_mm,humidity_%,sunlight_hours,irrigation_type,fertilizer_type,pesticide_usage_ml,sowing_date,harvest_date,total_days,yield_kg_per_hectare,sensor_id,timestamp,latitude,longitude,NDVI_index,crop_disease_status
FARM0001,Central USA,Soybean,18.26,7.04,34.29,114.75,80.91,5.37,None,Organic,84.07,2024-04-06,2024-08-26,142,5670.58,IOT1841,2024-06-05 14:00:00,15.9603,80.9509,0.804,None
FARM0002,East Africa,Maize,25.32,7.41,16.44,152.11,72.4,4.47,Drip,Inorganic,84.14,2024-04-13,2024-08-31,140,2783.19,IOT2364,2024-06-05 20:00:00,29.1,72.2676,0.4273,None
FARM0003,South USA,Maize,39.4,5.69,20.93,281.66,61.46,9.63,Sprinkler,Mixed,78.49,2024-01-27,2024-06-09,134,5004.27,IOT7200,2024-06-06 23:00:00,10.2073,72.5962,0.4198,None
FARM0004,Central USA,Cotton,25.19,7.03,29.27,215.63,40.31,4.85,Manual,Inorganic,8.19,2024-01-21,2024-06-17,148,2612.33,IOT8796,2024-06-01 03:00:00,24.3567,71.7941,0.834,Severe
FARM0005,North India,Maize,34.95,5.74,16.42,257.1,62.63,9.13,Sprinkler,Mixed,56.72,2024-02-15,2024-06-02,108,4715.16,IOT2103,2024-06-02 03:00:00,25.9123,74.6139,0.5418,Moderate
FARM0006,East Africa,Rice,31.31,7.25,17.44,295.64,40.62,9.32,Manual,Mixed,87.07,2024-05-24,2024-08-30,98,2145.22,IOT6630,2024-06-02 06:00:00,25.3904,85.7844,0.8695,None
FARM0007,North India,Rice,26.48,7.17,25.27,232.77,40.95,6.79,Manual,Mixed,25.44,2024-05-02,2024-08-14,104,5936.31,IOT7511,2024-06-02 10:00:00,19.8938,83.1202,0.797,Mild
FARM0008,South USA,Wheat,14.89,5.93,32.3,264.33,87.58,4.46,Manual,Organic,77.0,2024-04-13,2024-08-14,123,5133.77,IOT6209,2024-06-05 20:00:00,10.1192,77.9322,0.5911,Mild
FARM0009,South USA,Cotton,46.96,6.03,22.33,62.09,72.66,8.25,Drip,Mixed,20.53,2024-04-05,2024-07-23,109,5027.84,IOT4750,2024-06-05 09:00:00,11.6717,79.6074,0.3716,None
FARM0010,East Africa,Wheat,11.95,6.14,22.9,112.02,41.93,5.91,None,Mixed,48.09,2024-01-10,2024-05-07,118,3888.69,IOT1900,2024-06-05 16:00:00,33.6116,77.8694,0.7248,None
FARM0011,South India,Soybean,23.78,6.55,17.77,286.39,73.65,4.32,Manual,Mixed,92.22,2024-03-05,2024-07-19,136,2118.71,IOT1063,2024-06-04 09:00:00,21.5743,81.9509,0.5495,None
FARM0012,East Africa,Rice,29.85,7.12,28.34,169.91,63.71,6.05,Drip,Organic,39.91,2024-03-08,2024-07-09,123,2358.07,IOT1895,2024-06-01 09:00:00,18.815,84.5709,0.6666,None
FARM0013,South India,Wheat,29.08,7.37,20.79,231.54,76.54,5.33,None,Organic,13.11,2024-02-11,2024-05-21,100,6923.69,IOT4597,2024-06-05 17:00:00,16.1835,85.9635,0.3795,Severe
FARM0014,North India,Cotton,46.88,5.88,18.76,191.33,42.53,8.81,Sprinkler,Inorganic,59.41,2024-01-01,2024-05-15,135,2805.14,IOT2050,2024-06-03 00:00:00,17.435,88.6633,0.8768,Moderate
FARM0015,Central USA,Wheat,41.73,6.82,23.21,176.0,88.36,7.97,Sprinkler,Inorganic,9.71,2024-02-21,2024-06-30,130,6248.67,IOT6327,2024-06-07 06:00:00,11.8436,87.5904,0.4512,None
FARM0016,East Africa,Maize,36.36,7.46,17.23,165.49,49.03,8.47,Sprinkler,Mixed,51.11,2024-01-12,2024-05-27,136,1000.0,IOT3801,2024-06-07 15:00:00,24.0847,85.9504,0.3793,None
FARM0017,North India,Wheat,34.47,5.95,27.78,293.12,87.33,5.39,Manual,Inorganic,86.34,2024-04-23,2024-08-31,130,4799.31,IOT4998,2024-06-04 08:00:00,11.9879,70.3999,0.7618,None
FARM0018,South India,Rice,23.24,6.72,19.51,221.95,79.72,6.73,Sprinkler,Mixed,64.71,2024-04-01,2024-08-24,145,6528.24,IOT3112,2024-06-07 18:00:00,27.925,71.9973,0.3842,None
FARM0019,South USA,Maize,32.29,5.63,15.29,272.41,64.5,7.26,None,Mixed,63.1,2024-01-03,2024-05-30,148,2233.82,IOT6739,2024-06-01 08:00:00,19.907,83.8053,0.744,None
FARM0020,South USA,Wheat,48.23,6.32,31.41,185.82,65.59,4.33,Manual,Mixed,15.99,2024-04-12,2024-09-05,146,4787.1,IOT7095,2024-06-04 19:00:00,11.7806,79.0335,0.8822,None
FARM0021,East Africa,Rice,20.74,5.63,18.65,171.96,57.24,5.22,None,Organic,80.86,2024-05-01,2024-09-18,140,2445.83,IOT3934,2024-06-02 00:00:00,15.9215,70.2874,0.3125,None
FARM0022,Central USA,Wheat,14.86,6.47,22.66,178.07,84.37,9.93,None,Mixed,64.9,2024-03-27,2024-07-14,109,3583.96,IOT6209,2024-06-07 03:00:00,33.0127,71.5557,0.3726,Severe
FARM0023,North India,Rice,47.94,7.44,33.7,152.95,79.49,7.93,Sprinkler,Inorganic,48.8,2024-02-08,2024-06-10,123,4418.02,IOT5108,2024-06-07 12:00:00,32.4684,70.0387,0.7432,None
FARM0024,South USA,Maize,28.28,6.82,34.45,235.98,43.37,5.01,Drip,Organic,48.99,2024-03-04,2024-06-08,96,5399.45,IOT6178,2024-06-04 01:00:00,28.4458,70.9751,0.5776,None
FARM0025,Central USA,Wheat,19.45,6.14,29.05,234.57,72.88,9.98,None,Inorganic,73.77,2024-05-08,2024-09-23,138,5200.28,IOT6192,2024-06-05 19:00:00,30.6761,89.4925,0.8074,Moderate
FARM0026,South India,Soybean,30.73,6.31,31.36,95.52,42.81,9.69,Drip,Inorganic,65.23,2024-04-26,2024-09-18,145,1135.42,IOT2693,2024-06-02 15:00:00,19.6258,83.8382,0.3809,None
FARM0027,South USA,Maize,11.12,6.04,17.65,183.28,73.98,4.35,Manual,Organic,37.35,2024-03-14,2024-07-01,109,2185.72,IOT1577,2024-06-04 07:00:00,16.0424,80.2808,0.6206,Moderate
FARM0028,South India,Cotton,41.92,7.44,31.81,277.29,75.42,9.42,Sprinkler,Organic,82.0,2024-01-12,2024-06-04,144,4106.59,IOT8850,2024-06-05 05:00:00,34.6174,74.3132,0.7286,None
FARM0029,South India,Soybean,29.07,7.07,33.6,233.07,78.8,4.4,Drip,Organic,32.29,2024-03-02,2024-06-24,114,2824.22,IOT2447,2024-06-03 19:00:00,28.9496,78.016,0.4989,Severe
FARM0030,Central USA,Wheat,25.15,6.78,26.43,181.14,72.24,7.23,Sprinkler,Organic,92.78,2024-04-22,2024-08-19,119,5434.74,IOT2585,2024-06-06 22:00:00,17.3759,88.6582,0.3425,None
FARM0031,Central USA,Cotton,49.85,5.51,27.79,267.42,73.61,6.18,None,Mixed,44.98,2024-03-02,2024-07-03,123,6387.26,IOT5991,2024-06-06 19:00:00,14.1205,74.1837,0.6941,None
FARM0032,North India,Rice,26.12,6.25,34.75,263.39,59.4,9.48,Sprinkler,Mixed,31.77,2024-02-21,2024-06-12,112,4385.23,IOT3876,2024-06-04 23:00:00,24.3539,89.5853,0.5719,Moderate
FARM0033,Central USA,Rice,20.15,6.3,27.87,179.51,44.8,9.96,Sprinkler,Organic,99.98,2024-05-14,2024-08-26,104,5623.37,IOT6980,2024-06-05 04:00:00,20.3578,72.9535,0.482,None
FARM0034,South USA,Cotton,10.23,5.69,19.15,137.01,67.05,5.76,None,Mixed,95.28,2024-04-01,2024-07-24,114,2311.93,IOT8746,2024-06-06 11:00:00,27.9301,78.6247,0.312,None
FARM0035,Central USA,Soybean,18.2,6.42,24.22,252.69,81.23,8.56,Drip,Inorganic,63.55,2024-03-03,2024-06-12,101,4011.63,IOT7466,2024-06-05 11:00:00,11.215,82.5344,0.8598,Severe
FARM0036,East Africa,Rice,49.2,6.58,19.85,97.92,47.08,6.72,None,Organic,11.9,2024-05-22,2024-10-06,137,1000.0,IOT6334,2024-06-06 09:00:00,32.3524,73.6258,0.5752,None
FARM0037,Central USA,Wheat,43.21,5.96,22.55,248.02,66.4,6.41,Manual,Inorganic,65.34,2024-05-16,2024-09-20,127,2738.5,IOT9612,2024-06-06 10:00:00,29.5525,83.8936,0.8928,None
FARM0038,South USA,Soybean,35.76,5.81,27.59,193.18,67.89,8.96,Drip,Organic,5.01,2024-02-21,2024-07-10,140,3208.58,IOT8995,2024-06-02 07:00:00,11.4331,84.3695,0.5232,None
FARM0039,East Africa,Soybean,43.48,5.62,34.44,74.16,65.59,7.36,Drip,Organic,14.55,2024-05-18,2024-09-21,126,2861.6,IOT5866,2024-06-05 02:00:00,15.4642,78.8834,0.8962,None
FARM0040,Central USA,Cotton,49.66,6.36,18.01,98.96,55.92,7.05,Manual,Organic,32.68,2024-03-19,2024-07-07,110,2191.95,IOT1627,2024-06-07 04:00:00,19.9392,71.4806,0.5177,None
FARM0041,South USA,Cotton,28.35,6.6,22.52,81.9,78.29,9.57,Manual,Inorganic,14.5,2024-05-07,2024-09-08,124,5484.91,IOT1866,2024-06-01 04:00:00,23.2715,89.2272,0.8629,None
FARM0042,Central USA,Soybean,12.69,5.78,21.18,60.89,55.46,4.36,Sprinkler,Organic,23.92,2024-02-23,2024-06-17,115,3152.9,IOT8937,2024-06-02 01:00:00,17.6572,71.7911,0.4394,None
FARM0043,South India,Soybean,12.04,6.89,26.13,154.44,68.77,8.41,Manual,Mixed,23.41,2024-01-02,2024-04-10,99,3231.31,IOT1464,2024-06-06 20:00:00,29.6919,84.6742,0.571,None
FARM0044,Central USA,Wheat,38.8,5.88,31.44,131.53,62.2,8.63,None,Inorganic,53.41,2024-01-08,2024-05-17,130,4807.58,IOT9271,2024-06-05 08:00:00,13.7171,77.6666,0.3413,None
FARM0045,South USA,Rice,23.58,6.68,29.68,240.51,55.08,4.41,Drip,Inorganic,77.45,2024-05-19,2024-09-20,124,1979.24,IOT7883,2024-06-07 18:00:00,29.0006,89.5885,0.5587,None
FARM0046,South India,Maize,11.86,6.09,26.74,127.41,74.27,8.93,Manual,Mixed,82.86,2024-03-14,2024-08-10,149,4677.1,IOT7450,2024-06-03 07:00:00,17.6274,86.2279,0.799,None
FARM0047,South India,Wheat,25.97,5.87,18.69,180.65,73.66,4.45,None,Organic,17.81,2024-03-19,2024-06-17,90,4712.29,IOT8050,2024-06-04 03:00:00,20.5641,71.8194,0.4579,None
FARM0048,South USA,Maize,25.43,6.09,15.34,98.99,59.79,5.18,None,Mixed,86.91,2024-01-13,2024-05-20,128,3092.12,IOT1459,2024-06-04 22:00:00,27.2047,76.1481,0.5251,Mild
FARM0049,South India,Wheat,43.65,5.91,34.78,275.03,54.33,9.36,Drip,Mixed,32.41,2024-03-09,2024-07-12,125,5533.47,IOT5578,2024-06-07 13:00:00,28.0622,73.4589,0.3044,None
FARM0050,Central USA,Cotton,23.54,6.01,18.54,186.18,67.66,5.36,Drip,Organic,83.21,2024-05-06,2024-09-21,138,4899.15,IOT6518,2024-06-06 09:00:00,18.6907,75.0735,0.446,None
FARM0051,Central USA,Rice,12.66,6.26,32.1,69.51,68.8,8.21,Drip,Mixed,34.8,2024-04-17,2024-07-31,105,3820.34,IOT2247,2024-06-06 10:00:00,28.9803,81.0474,0.7702,None
FARM0052,South USA,Wheat,40.06,7.42,23.62,141.35,62.3,6.57,Drip,Inorganic,62.02,2024-05-22,2024-08-20,90,3753.64,IOT1228,2024-06-01 10:00:00,15.255,87.5061,0.5928,None
FARM0053,South India,Cotton,37.03,5.93,34.79,183.43,54.45,7.95,Sprinkler,Organic,7.28,2024-02-24,2024-05-26,92,3063.03,IOT1775,2024-06-03 08:00:00,13.364,70.2673,0.5631,None
FARM0054,South USA,Wheat,34.34,7.3,18.8,142.85,82.98,6.85,Sprinkler,Inorganic,37.79,2024-05-03,2024-08-25,114,2917.8,IOT2606,2024-06-05 20:00:00,25.8939,83.7106,0.5805,None
FARM0055,East Africa,Soybean,49.21,6.36,27.27,162.57,56.09,4.46,Sprinkler,Organic,22.85,2024-04-04,2024-08-28,146,4184.07,IOT1797,2024-06-04 09:00:00,28.0117,83.9874,0.4953,None
FARM0056,South USA,Soybean,36.83,6.29,17.66,81.82,56.12,8.48,Drip,Mixed,48.52,2024-03-12,2024-08-06,147,1437.59,IOT1328,2024-06-02 01:00:00,20.6699,77.1296,0.8988,None
FARM0057,Central USA,Wheat,37.64,6.72,35.0,250.52,61.44,8.06,Drip,Mixed,6.34,2024-02-27,2024-07-14,138,4979.97,IOT5766,2024-06-01 10:00:00,30.1472,70.6384,0.6564,Moderate
FARM0058,Central USA,Rice,29.67,6.93,25.33,51.91,43.92,8.33,Manual,Mixed,7.87,2024-05-20,2024-08-26,98,2841.25,IOT8425,2024-06-02 00:00:00,13.8759,82.4875,0.3395,None
FARM0059,Central USA,Cotton,45.15,6.68,32.88,79.07,62.73,6.57,Drip,Organic,61.69,2024-05-27,2024-10-22,148,3855.35,IOT8403,2024-06-06 03:00:00,23.9958,81.9525,0.5074,None
FARM0060,Central USA,Wheat,39.9,7.12,26.04,50.43,71.82,8.49,Sprinkler,Mixed,22.32,2024-05-20,2024-10-07,140,3644.79,IOT6191,2024-06-05 21:00:00,23.97,88.9957,0.6652,None
FARM0061,East Africa,Rice,31.67,6.51,20.44,68.08,64.14,9.2,Manual,Mixed,4.8,2024-03-03,2024-06-12,101,1980.52,IOT5915,2024-06-06 06:00:00,12.2637,88.587,0.5817,Moderate
FARM0062,East Africa,Maize,21.93,7.49,23.56,272.12,56.4,7.15,Drip,Inorganic,76.13,2024-03-06,2024-06-24,110,5487.21,IOT7864,2024-06-07 10:00:00,22.3262,86.0193,0.5124,None
FARM0063,East Africa,Soybean,41.15,5.54,25.87,71.71,84.76,8.74,Drip,Inorganic,95.97,2024-01-25,2024-05-18,114,6615.24,IOT2066,2024-06-07 10:00:00,15.731,70.6302,0.5462,None
FARM0064,Central USA,Wheat,16.67,7.1,18.57,69.44,81.85,9.86,Drip,Inorganic,70.76,2024-05-08,2024-09-16,131,3578.62,IOT4140,2024-06-05 17:00:00,13.9982,82.9669,0.7212,None
FARM0065,Central USA,Soybean,15.96,7.46,29.74,168.08,70.57,4.64,Drip,Organic,24.96,2024-03-25,2024-08-03,131,4722.95,IOT3022,2024-06-02 06:00:00,11.7141,88.4006,0.5708,None
FARM0066,South USA,Soybean,17.86,7.11,21.12,128.73,83.5,7.36,Manual,Inorganic,39.98,2024-04-15,2024-08-08,115,5477.56,IOT5595,2024-06-03 19:00:00,30.4169,84.676,0.416,None
FARM0067,Central USA,Cotton,13.43,6.59,25.44,231.43,53.07,9.61,Drip,Mixed,57.81,2024-02-08,2024-06-25,138,2992.82,IOT1025,2024-06-05 09:00:00,20.1232,75.3855,0.4191,None
FARM0068,East Africa,Cotton,45.93,6.8,24.67,58.37,85.77,9.41,Sprinkler,Inorganic,59.28,2024-05-13,2024-08-12,91,3312.33,IOT5134,2024-06-06 02:00:00,27.9028,71.008,0.5882,None
FARM0069,Central USA,Maize,42.22,6.47,31.7,184.74,40.23,9.4,Drip,Mixed,41.64,2024-02-17,2024-05-17,90,1620.91,IOT1205,2024-06-07 14:00:00,14.0527,82.3823,0.6034,None
FARM0070,East Africa,Soybean,29.09,6.84,31.05,293.17,71.47,9.25,Drip,Organic,53.2,2024-02-27,2024-06-29,123,1441.8,IOT2425,2024-06-03 15:00:00,17.0835,77.3377,0.665,Moderate
FARM0071,South USA,Soybean,23.99,6.79,17.32,73.16,73.0,7.28,Sprinkler,Inorganic,5.99,2024-02-09,2024-07-02,144,3280.24,IOT9099,2024-06-04 17:00:00,17.7411,81.7636,0.8691,None
FARM0072,Central USA,Wheat,36.72,5.97,23.89,208.31,71.83,8.75,Drip,Mixed,79.79,2024-02-04,2024-05-07,93,2856.29,IOT1212,2024-06-02 23:00:00,26.8751,81.5307,0.4036,None
FARM0073,Central USA,Wheat,16.3,5.87,34.57,229.32,52.52,7.55,None,Mixed,58.97,2024-03-10,2024-06-16,98,4640.21,IOT9422,2024-06-04 13:00:00,19.4985,70.8968,0.7283,Moderate
FARM0074,South India,Cotton,38.95,7.34,21.52,76.26,61.52,8.71,Manual,Inorganic,14.76,2024-01-27,2024-06-05,130,3737.91,IOT8925,2024-06-06 13:00:00,30.6045,84.1125,0.698,None
FARM0075,Central USA,Soybean,27.54,6.68,24.93,278.97,86.93,4.64,Manual,Mixed,97.63,2024-01-26,2024-05-01,96,2951.28,IOT4471,2024-06-04 16:00:00,34.5221,83.0234,0.7297,None
FARM0076,Central USA,Rice,30.32,6.63,33.86,116.65,86.83,8.83,None,Inorganic,45.45,2024-02-02,2024-05-24,112,5027.35,IOT1091,2024-06-05 08:00:00,14.8024,71.9938,0.5592,None
FARM0077,North India,Maize,43.54,7.46,28.56,275.38,46.77,8.98,Drip,Inorganic,80.34,2024-01-14,2024-05-12,119,4047.93,IOT3533,2024-06-05 08:00:00,27.5789,70.527,0.5699,Mild
FARM0078,South USA,Wheat,26.47,6.97,26.02,278.16,69.36,6.4,Manual,Mixed,94.06,2024-05-22,2024-09-30,131,5687.68,IOT6705,2024-06-06 00:00:00,27.373,86.1893,0.7213,None
FARM0079,East Africa,Soybean,32.67,6.39,29.7,144.67,82.97,6.59,Manual,Organic,36.16,2024-02-27,2024-06-10,104,3984.47,IOT8056,2024-06-05 23:00:00,31.5968,75.1641,0.8824,None
FARM0080,East Africa,Rice,35.59,5.65,27.7,252.15,57.67,4.43,Manual,Mixed,86.44,2024-01-14,2024-05-05,112,5894.78,IOT1455,2024-06-01 12:00:00,30.0852,87.3225,0.6503,None
FARM0081,South USA,Cotton,24.18,7.48,34.14,209.96,56.67,8.52,Drip,Mixed,77.82,2024-01-21,2024-05-19,119,3296.04,IOT4672,2024-06-03 10:00:00,10.9932,72.944,0.8793,None
FARM0082,South India,Rice,10.97,6.0,23.73,207.66,48.58,8.59,Drip,Organic,29.33,2024-05-09,2024-08-18,101,3048.5,IOT8285,2024-06-01 04:00:00,34.6606,89.361,0.5489,None
FARM0083,Central USA,Cotton,16.11,7.04,23.72,94.26,77.94,9.49,Manual,Inorganic,88.95,2024-02-15,2024-05-26,101,5682.24,IOT9555,2024-06-06 06:00:00,10.1142,78.155,0.5464,Moderate
FARM0084,East Africa,Maize,20.84,6.3,23.82,204.7,84.98,5.98,Drip,Inorganic,28.82,2024-05-21,2024-09-16,118,7296.92,IOT1057,2024-06-01 18:00:00,21.7577,81.2061,0.8955,Mild
FARM0085,South India,Maize,34.69,7.3,30.79,98.47,76.67,7.01,Drip,Mixed,37.12,2024-05-25,2024-09-04,102,4976.87,IOT3661,2024-06-02 04:00:00,10.8447,73.1483,0.3691,None
FARM0086,North India,Cotton,21.1,6.56,27.54,209.94,69.26,5.07,Manual,Inorganic,81.5,2024-02-03,2024-05-31,118,2501.04,IOT6151,2024-06-04 16:00:00,13.8603,71.1387,0.5894,None
FARM0087,East Africa,Maize,10.41,6.33,33.53,146.1,44.66,5.82,Manual,Organic,16.09,2024-02-16,2024-07-11,146,3729.15,IOT6247,2024-06-05 15:00:00,19.0249,86.8808,0.73,None
FARM0088,Central USA,Wheat,14.52,6.01,18.56,93.27,70.82,7.38,Manual,Inorganic,12.06,2024-01-08,2024-04-17,100,1771.08,IOT4839,2024-06-07 13:00:00,34.4767,81.439,0.8694,None
FARM0089,East Africa,Soybean,30.0,6.89,22.35,265.97,41.46,6.64,Sprinkler,Inorganic,67.94,2024-05-10,2024-09-29,142,2682.13,IOT2318,2024-06-06 01:00:00,23.3099,74.0323,0.5666,Severe
FARM0090,North India,Wheat,28.09,7.2,30.57,262.81,53.6,7.56,Drip,Mixed,64.8,2024-04-09,2024-07-09,91,3656.03,IOT7569,2024-06-07 21:00:00,21.6489,89.1247,0.8285,Mild
FARM0091,South USA,Wheat,43.52,6.59,29.76,247.66,65.65,7.22,Drip,Mixed,46.98,2024-01-02,2024-05-17,136,3420.74,IOT5925,2024-06-01 20:00:00,21.9388,78.0939,0.8592,None
FARM0092,South India,Cotton,18.93,6.38,29.75,148.85,41.6,7.04,Sprinkler,Mixed,44.99,2024-02-22,2024-06-14,113,4371.54,IOT9127,2024-06-06 11:00:00,25.9441,73.2724,0.4703,Mild
FARM0093,South USA,Rice,34.4,5.58,30.26,210.47,88.19,7.52,Drip,Organic,20.06,2024-04-09,2024-09-03,147,3723.61,IOT8199,2024-06-06 00:00:00,14.4798,76.1615,0.6263,None
FARM0094,East Africa,Soybean,26.29,6.57,34.31,124.34,52.4,8.26,Sprinkler,Mixed,4.45,2024-02-27,2024-07-14,138,4911.72,IOT2463,2024-06-05 19:00:00,28.3065,79.214,0.7061,None
FARM0095,East Africa,Wheat,32.79,6.78,17.08,59.97,56.53,8.93,Sprinkler,Inorganic,46.35,2024-03-21,2024-07-18,119,3322.74,IOT9044,2024-06-05 18:00:00,12.2196,72.8881,0.6815,Moderate
FARM0096,South India,Maize,39.35,6.99,26.63,171.68,56.05,6.11,None,Mixed,59.15,2024-01-09,2024-06-06,149,4314.52,IOT8438,2024-06-02 18:00:00,32.1415,81.5815,0.4363,None
FARM0097,South USA,Wheat,43.01,7.34,15.8,236.02,41.76,6.67,Drip,Organic,22.28,2024-03-06,2024-07-03,119,2354.31,IOT3545,2024-06-05 15:00:00,26.4434,85.326,0.6435,Moderate
FARM0098,North India,Wheat,44.78,6.75,15.03,138.28,82.89,4.16,None,Inorganic,33.2,2024-02-14,2024-05-26,102,2701.69,IOT2719,2024-06-06 16:00:00,30.3805,72.1259,0.5924,None
FARM0099,North India,Cotton,30.78,6.66,29.85,108.71,54.67,7.42,Drip,Inorganic,37.15,2024-04-11,2024-08-31,142,6198.58,IOT4202,2024-06-06 05:00:00,12.6318,81.2475,0.3036,Mild
FARM0100,North India,Rice,23.48,7.04,17.13,107.46,40.42,9.81,None,Mixed,13.14,2024-03-18,2024-07-14,118,3426.09,IOT4354,2024-06-06 02:00:00,20.4912,77.138,0.7203,None
FARM0101,North India,Rice,13.27,5.75,32.85,242.28,89.81,5.52,Drip,Organic,45.51,2024-02-11,2024-06-12,122,5583.56,IOT3628,2024-06-06 03:00:00,25.4433,87.586,0.7442,None
FARM0102,South USA,Rice,21.26,7.25,32.29,183.47,40.95,5.37,None,Organic,84.45,2024-01-02,2024-04-21,110,3598.58,IOT4480,2024-06-07 09:00:00,28.1246,87.4239,0.402,None
FARM0103,North India,Cotton,16.44,6.57,34.42,139.31,87.93,4.23,None,Mixed,41.1,2024-05-01,2024-09-21,143,6527.36,IOT5313,2024-06-03 04:00:00,29.8713,78.7945,0.7489,Mild
FARM0104,Central USA,Wheat,25.53,6.86,19.56,114.84,58.81,5.82,Drip,Inorganic,88.74,2024-01-12,2024-05-23,132,2005.75,IOT2904,2024-06-07 05:00:00,16.8666,87.0325,0.7462,None
FARM0105,North India,Rice,23.39,7.15,29.55,148.4,82.38,9.52,Manual,Inorganic,19.67,2024-05-24,2024-10-16,145,5489.9,IOT4711,2024-06-07 00:00:00,25.1048,89.3223,0.6016,None
FARM0106,East Africa,Cotton,19.79,6.18,15.87,276.22,65.78,8.03,Sprinkler,Inorganic,59.33,2024-01-25,2024-06-13,140,1634.46,IOT3818,2024-06-02 15:00:00,11.8963,74.0391,0.6946,None
FARM0107,South India,Rice,26.75,6.39,33.21,75.86,53.99,7.23,Sprinkler,Organic,45.09,2024-03-21,2024-06-25,96,4999.94,IOT2526,2024-06-04 00:00:00,25.1363,80.5384,0.3106,None
FARM0108,South USA,Cotton,16.04,7.38,15.01,238.92,53.97,9.08,Sprinkler,Inorganic,51.27,2024-05-15,2024-08-31,108,1669.35,IOT6942,2024-06-02 15:00:00,11.7733,78.5909,0.745,None
FARM0109,East Africa,Wheat,25.54,7.31,32.12,179.0,51.91,5.16,Manual,Mixed,35.15,2024-04-20,2024-07-31,102,6121.04,IOT5323,2024-06-02 22:00:00,15.4817,76.8355,0.4239,Moderate
FARM0110,South India,Wheat,44.83,5.87,26.8,62.66,80.73,5.65,Manual,Organic,49.84,2024-04-14,2024-08-26,134,6068.85,IOT4768,2024-06-03 06:00:00,25.4358,87.1087,0.3997,Moderate
FARM0111,South India,Cotton,37.46,6.96,32.91,284.09,64.56,4.66,Manual,Inorganic,0.45,2024-05-25,2024-09-16,114,5545.37,IOT6970,2024-06-05 14:00:00,19.4256,76.1495,0.7985,Moderate
FARM0112,East Africa,Soybean,44.95,7.05,16.62,265.52,53.69,7.99,None,Mixed,64.59,2024-04-14,2024-07-13,90,2497.0,IOT6690,2024-06-03 12:00:00,33.4244,70.9194,0.835,None
FARM0113,South USA,Cotton,34.02,7.22,15.07,97.48,50.98,9.7,Sprinkler,Organic,21.76,2024-03-23,2024-08-19,149,1612.83,IOT1712,2024-06-03 23:00:00,26.9059,75.3351,0.3443,Severe
FARM0114,North India,Soybean,42.96,6.96,19.58,289.16,41.26,6.0,Manual,Inorganic,12.97,2024-03-13,2024-08-03,143,2064.14,IOT4642,2024-06-03 23:00:00,30.2022,79.3736,0.7342,Mild
FARM0115,South USA,Cotton,29.31,6.27,25.52,218.96,76.34,6.14,None,Organic,80.67,2024-01-10,2024-05-10,121,4457.91,IOT1474,2024-06-06 16:00:00,28.7376,84.4707,0.4696,None
FARM0116,North India,Maize,23.98,7.44,33.4,100.16,76.28,7.47,Sprinkler,Organic,93.38,2024-04-23,2024-09-05,135,2563.74,IOT7280,2024-06-03 01:00:00,22.2418,88.9142,0.8673,None
FARM0117,South USA,Rice,49.02,6.46,30.49,242.03,64.87,8.77,Sprinkler,Inorganic,28.04,2024-01-04,2024-05-23,140,3399.51,IOT3987,2024-06-01 12:00:00,29.9538,85.6046,0.702,None
FARM0118,East Africa,Rice,19.7,6.25,25.81,107.64,51.38,8.67,Manual,Organic,92.8,2024-05-05,2024-08-09,96,4896.48,IOT6171,2024-06-02 21:00:00,11.2339,81.9701,0.6166,None
FARM0119,North India,Cotton,38.26,5.57,26.35,92.61,47.02,7.74,None,Inorganic,35.24,2024-02-21,2024-07-07,137,1651.47,IOT2619,2024-06-01 01:00:00,16.4323,80.1751,0.6315,None
FARM0120,East Africa,Wheat,20.31,6.07,16.86,221.56,65.92,5.24,Manual,Organic,39.42,2024-02-12,2024-06-13,122,2249.86,IOT7471,2024-06-04 01:00:00,18.3539,83.2872,0.6367,None
FARM0121,North India,Soybean,39.66,5.82,27.31,267.66,62.9,8.35,Drip,Mixed,79.09,2024-02-11,2024-06-30,140,5777.53,IOT1952,2024-06-04 20:00:00,12.5878,80.2679,0.3418,None
FARM0122,North India,Rice,28.96,6.63,29.11,61.81,44.03,4.37,None,Organic,95.86,2024-05-08,2024-08-24,108,2724.56,IOT6626,2024-06-03 00:00:00,33.5541,78.6453,0.702,None
FARM0123,Central USA,Maize,31.53,6.71,28.65,93.36,55.06,8.42,Drip,Mixed,37.91,2024-04-13,2024-07-25,103,3073.43,IOT9524,2024-06-04 15:00:00,26.236,85.1567,0.4484,Mild
FARM0124,North India,Soybean,25.4,7.11,29.77,233.73,89.26,5.77,None,Mixed,74.81,2024-03-01,2024-06-29,120,5107.21,IOT2041,2024-06-02 10:00:00,31.7202,83.8859,0.4116,None
FARM0125,East Africa,Soybean,25.85,6.03,26.23,155.22,72.58,6.9,Sprinkler,Organic,57.24,2024-02-10,2024-07-04,145,4916.32,IOT1249,2024-06-01 21:00:00,25.9922,89.188,0.7788,None
FARM0126,North India,Rice,38.29,6.22,19.39,278.77,61.34,7.92,Manual,Organic,60.32,2024-02-26,2024-07-09,134,2200.17,IOT8187,2024-06-07 16:00:00,20.4131,88.5528,0.6399,Moderate
FARM0127,Central USA,Maize,36.77,6.07,28.62,216.56,70.31,8.27,Drip,Mixed,40.6,2024-05-11,2024-10-06,148,4364.37,IOT7659,2024-06-07 04:00:00,10.0187,77.0295,0.3683,Moderate
FARM0128,Central USA,Cotton,19.32,7.14,29.16,51.39,89.66,8.54,Manual,Inorganic,18.5,2024-04-11,2024-08-21,132,5838.31,IOT2022,2024-06-04 13:00:00,14.0618,85.7411,0.7447,None
FARM0129,South USA,Rice,26.91,7.02,31.75,73.69,68.15,8.57,Drip,Mixed,30.63,2024-05-02,2024-09-20,141,5466.79,IOT9403,2024-06-07 14:00:00,25.0036,81.431,0.4186,None
FARM0130,South USA,Rice,37.71,5.93,33.69,179.11,63.0,6.61,None,Mixed,42.84,2024-01-08,2024-05-29,142,4614.41,IOT8086,2024-06-07 08:00:00,13.0606,81.3972,0.4295,None
FARM0131,South India,Wheat,16.54,5.62,20.68,91.09,79.97,4.38,Manual,Organic,95.82,2024-02-06,2024-06-13,128,5877.48,IOT3173,2024-06-02 13:00:00,23.129,74.8333,0.424,None
FARM0132,North India,Wheat,45.42,6.03,22.92,232.84,77.18,9.17,Drip,Organic,50.02,2024-02-03,2024-05-15,102,2026.95,IOT4964,2024-06-01 03:00:00,27.2565,83.0975,0.6522,None
FARM0133,South India,Cotton,20.41,7.34,30.19,188.22,52.6,4.67,Manual,Inorganic,7.43,2024-03-04,2024-06-10,98,5433.5,IOT5838,2024-06-03 22:00:00,31.7995,82.8433,0.6038,Severe
FARM0134,South India,Maize,36.15,5.92,21.51,55.29,45.42,5.59,Sprinkler,Mixed,82.12,2024-01-02,2024-04-22,111,2009.49,IOT3272,2024-06-03 04:00:00,19.5941,80.9537,0.4099,None
FARM0135,East Africa,Wheat,38.92,6.57,32.67,162.36,47.48,9.03,None,Mixed,92.05,2024-01-16,2024-04-29,104,3763.91,IOT3592,2024-06-01 11:00:00,28.5777,74.2897,0.3276,Severe
FARM0136,East Africa,Rice,14.32,5.75,24.26,232.74,81.69,7.28,None,Organic,79.03,2024-02-04,2024-05-10,96,5304.99,IOT3346,2024-06-03 21:00:00,22.7577,78.8803,0.5543,None
FARM0137,South USA,Maize,22.37,6.18,25.26,126.67,84.62,6.63,Sprinkler,Inorganic,74.98,2024-03-23,2024-07-10,109,3951.37,IOT6634,2024-06-07 22:00:00,12.3285,87.6499,0.7025,Moderate
FARM0138,North India,Cotton,22.46,6.58,20.1,205.26,62.38,6.89,Drip,Mixed,46.67,2024-05-20,2024-08-18,90,5100.79,IOT5417,2024-06-05 19:00:00,30.8339,75.6689,0.7927,None
FARM0139,South USA,Cotton,21.92,7.2,23.4,297.64,47.6,6.78,Manual,Organic,50.36,2024-02-25,2024-06-28,124,4300.6,IOT4589,2024-06-04 02:00:00,14.8328,83.8905,0.6218,None
FARM0140,Central USA,Soybean,39.04,5.59,31.05,183.18,59.59,7.23,Manual,Organic,67.96,2024-05-14,2024-09-23,132,5321.08,IOT5734,2024-06-01 09:00:00,14.0458,77.4645,0.8367,None
FARM0141,South USA,Wheat,44.35,5.5,19.75,61.64,45.53,7.19,Manual,Organic,76.84,2024-02-12,2024-06-04,113,1000.0,IOT3883,2024-06-02 07:00:00,34.0613,70.1659,0.4832,None
FARM0142,South USA,Soybean,42.66,5.59,29.18,230.06,50.7,4.68,Sprinkler,Inorganic,3.11,2024-04-25,2024-09-05,133,4610.01,IOT7933,2024-06-02 13:00:00,16.785,88.3987,0.4395,None
FARM0143,East Africa,Maize,22.37,6.15,26.87,279.47,40.5,6.36,Drip,Organic,56.62,2024-01-18,2024-05-28,131,5815.58,IOT6171,2024-06-02 11:00:00,30.5597,85.1987,0.317,None
FARM0144,East Africa,Cotton,24.9,6.89,20.09,55.48,87.39,4.1,Sprinkler,Mixed,86.57,2024-02-07,2024-05-19,102,5208.47,IOT9502,2024-06-04 18:00:00,19.1538,83.2488,0.5048,None
FARM0145,East Africa,Soybean,42.31,7.11,24.95,181.66,74.8,7.06,Drip,Inorganic,27.2,2024-03-01,2024-06-05,96,4490.35,IOT2964,2024-06-05 11:00:00,33.0959,87.2708,0.3139,None
FARM0146,North India,Rice,41.58,6.12,30.31,286.2,88.8,9.36,Drip,Inorganic,0.95,2024-03-04,2024-07-14,132,4180.79,IOT9613,2024-06-04 08:00:00,21.1933,84.1386,0.4933,Mild
FARM0147,East Africa,Soybean,47.74,5.66,25.29,241.61,70.01,4.14,None,Inorganic,82.07,2024-01-14,2024-05-15,122,5720.19,IOT2318,2024-06-01 15:00:00,22.1927,79.5966,0.4942,Moderate
FARM0148,East Africa,Soybean,49.21,5.63,22.89,258.78,61.13,5.57,Sprinkler,Organic,0.69,2024-03-22,2024-08-18,149,5571.05,IOT4400,2024-06-02 04:00:00,28.2154,73.7795,0.7616,None
FARM0149,South India,Soybean,34.37,6.72,29.53,215.43,43.42,6.74,Drip,Mixed,81.38,2024-04-26,2024-08-08,104,3846.38,IOT4251,2024-06-07 09:00:00,17.7927,78.6594,0.3194,Moderate
FARM0150,South India,Wheat,11.56,5.79,21.45,136.37,82.39,4.07,Sprinkler,Mixed,49.99,2024-05-07,2024-08-09,94,4314.29,IOT3594,2024-06-03 20:00:00,13.9065,73.8005,0.676,Severe
FARM0151,Central USA,Soybean,31.54,7.5,25.95,155.03,85.48,5.41,None,Organic,35.29,2024-03-18,2024-07-01,105,2681.7,IOT8039,2024-06-02 01:00:00,30.8826,78.0941,0.3293,Severe
FARM0152,East Africa,Cotton,22.05,7.16,28.28,265.32,88.81,9.23,None,Organic,73.55,2024-01-22,2024-05-09,108,4849.8,IOT7162,2024-06-05 02:00:00,13.3613,78.5076,0.6619,None
FARM0153,South India,Soybean,20.23,6.77,33.15,147.17,71.53,5.46,None,Inorganic,41.13,2024-05-22,2024-09-01,102,2509.01,IOT9571,2024-06-07 20:00:00,19.4527,88.9756,0.5518,Mild
FARM0154,Central USA,Soybean,21.96,6.69,34.96,179.39,86.82,8.72,None,Mixed,3.56,2024-04-19,2024-08-16,119,6448.24,IOT1272,2024-06-03 03:00:00,28.6767,75.925,0.4471,Severe
FARM0155,East Africa,Maize,24.22,6.34,31.64,72.65,57.71,9.71,None,Organic,41.09,2024-03-18,2024-06-28,102,5158.1,IOT1825,2024-06-07 23:00:00,24.4892,84.2636,0.3372,None
FARM0156,South India,Wheat,18.95,6.37,34.62,103.72,82.4,8.95,None,Inorganic,9.06,2024-02-27,2024-07-20,144,6875.07,IOT5768,2024-06-04 20:00:00,18.5392,74.3692,0.7544,Severe
FARM0157,North India,Maize,18.72,5.6,30.14,147.55,81.23,8.68,Drip,Organic,38.59,2024-04-18,2024-07-30,103,5013.01,IOT1675,2024-06-03 15:00:00,23.4076,80.9811,0.4491,None
FARM0158,South USA,Wheat,27.27,6.65,18.64,114.14,50.98,4.42,Manual,Organic,0.91,2024-01-07,2024-05-22,136,2440.46,IOT5438,2024-06-06 02:00:00,31.4391,85.879,0.871,None
FARM0159,South USA,Cotton,22.74,6.62,23.05,114.79,86.3,9.59,Manual,Organic,85.33,2024-02-18,2024-06-15,118,3342.04,IOT4685,2024-06-07 17:00:00,20.3898,76.7573,0.3597,Severe
FARM0160,North India,Rice,30.45,6.61,18.36,156.81,72.29,5.7,Manual,Inorganic,11.65,2024-03-09,2024-06-11,94,2789.07,IOT1490,2024-06-03 07:00:00,18.8563,80.8852,0.3799,None
FARM0161,East Africa,Wheat,38.47,7.15,33.53,153.03,77.03,4.45,Drip,Inorganic,35.85,2024-03-05,2024-07-27,144,2952.0,IOT3796,2024-06-07 16:00:00,24.443,88.3746,0.6495,Moderate
FARM0162,South USA,Maize,10.87,6.17,16.15,130.56,43.12,5.01,Sprinkler,Mixed,59.04,2024-04-27,2024-08-19,114,1982.75,IOT2360,2024-06-02 06:00:00,31.8183,75.6267,0.3571,None
FARM0163,East Africa,Soybean,22.9,6.58,34.47,149.84,51.0,5.0,None,Mixed,6.73,2024-04-23,2024-08-29,128,3044.88,IOT5955,2024-06-03 14:00:00,18.2265,75.3028,0.8554,None
FARM0164,North India,Maize,24.01,5.67,18.72,97.38,74.68,6.44,Sprinkler,Organic,42.78,2024-02-20,2024-05-30,100,4647.93,IOT4216,2024-06-06 18:00:00,32.7749,86.3428,0.8905,Moderate
FARM0165,South USA,Soybean,44.85,7.0,29.07,228.89,76.05,6.28,None,Inorganic,24.88,2024-05-17,2024-09-10,116,3996.92,IOT8467,2024-06-01 22:00:00,33.385,86.5884,0.7365,None
FARM0166,North India,Rice,13.07,5.71,33.69,225.67,53.75,5.96,None,Inorganic,49.87,2024-02-02,2024-06-21,140,3557.66,IOT1793,2024-06-02 07:00:00,29.2966,77.8514,0.6979,Mild
FARM0167,South India,Wheat,13.86,7.29,28.54,212.03,42.95,8.91,Sprinkler,Mixed,92.98,2024-03-08,2024-07-26,140,4281.01,IOT8759,2024-06-02 10:00:00,14.8696,79.5686,0.326,None
FARM0168,North India,Cotton,15.09,5.72,32.45,282.61,63.73,7.78,Sprinkler,Inorganic,34.08,2024-04-27,2024-07-30,94,4629.83,IOT4271,2024-06-03 21:00:00,30.734,84.0811,0.8764,Mild
FARM0169,Central USA,Maize,13.78,6.18,17.36,168.93,59.98,8.33,None,Organic,66.54,2024-04-06,2024-08-05,121,4965.13,IOT4337,2024-06-02 04:00:00,11.571,85.3511,0.7404,None
FARM0170,South India,Wheat,16.59,5.71,15.02,101.62,60.57,5.46,Manual,Mixed,49.17,2024-01-21,2024-04-26,96,2785.81,IOT9114,2024-06-07 21:00:00,15.6667,84.1932,0.4806,Moderate
FARM0171,Central USA,Rice,21.6,6.53,28.34,98.34,52.31,7.04,None,Mixed,44.06,2024-05-12,2024-09-08,119,4851.4,IOT7139,2024-06-01 06:00:00,17.5651,84.1397,0.455,Mild
FARM0172,Central USA,Soybean,41.91,5.93,28.88,184.64,89.3,6.17,Drip,Inorganic,23.97,2024-02-12,2024-07-07,146,5230.69,IOT3933,2024-06-03 13:00:00,24.991,87.1176,0.5452,Moderate
FARM0173,South USA,Soybean,43.25,6.51,16.88,204.19,73.89,7.76,Manual,Organic,12.04,2024-03-03,2024-06-10,99,4935.79,IOT3244,2024-06-07 23:00:00,19.0958,76.7526,0.5585,None
FARM0174,East Africa,Maize,25.68,6.16,31.54,262.45,51.64,5.89,Sprinkler,Mixed,17.99,2024-04-26,2024-08-29,125,6271.59,IOT1641,2024-06-02 18:00:00,28.863,86.8047,0.8875,None
FARM0175,East Africa,Maize,40.27,6.58,21.55,101.4,54.02,6.58,None,Mixed,51.31,2024-01-18,2024-06-02,136,2898.17,IOT1410,2024-06-06 03:00:00,23.5724,79.4597,0.5659,None
FARM0176,South India,Maize,45.52,6.77,29.45,199.37,72.15,7.47,Drip,Inorganic,10.51,2024-04-13,2024-08-09,118,2390.48,IOT4457,2024-06-06 13:00:00,29.8382,78.5185,0.7807,None
FARM0177,South USA,Soybean,20.78,5.69,23.53,108.82,62.42,8.75,Manual,Organic,6.21,2024-05-08,2024-09-01,116,3335.7,IOT3207,2024-06-05 08:00:00,32.7003,71.835,0.4986,Mild
FARM0178,Central USA,Soybean,49.23,6.78,18.87,79.8,87.3,6.6,None,Organic,8.77,2024-03-23,2024-08-01,131,3313.44,IOT8059,2024-06-05 04:00:00,26.725,72.2187,0.6113,None
FARM0179,East Africa,Cotton,48.65,5.77,30.09,132.59,54.52,5.62,Drip,Mixed,64.37,2024-02-09,2024-05-10,91,2634.5,IOT4803,2024-06-05 07:00:00,22.4115,84.6722,0.8827,None
FARM0180,South India,Soybean,19.78,6.69,20.51,289.39,60.27,6.74,Sprinkler,Inorganic,59.64,2024-04-14,2024-07-29,106,4303.76,IOT9351,2024-06-04 03:00:00,19.5374,72.5545,0.7898,Moderate
FARM0181,South India,Soybean,39.15,6.32,25.05,259.12,44.17,7.18,None,Inorganic,83.92,2024-02-27,2024-07-10,134,3068.32,IOT4585,2024-06-06 08:00:00,13.2441,82.6912,0.4968,None
FARM0182,South USA,Maize,14.91,6.67,33.24,276.63,47.57,6.31,Manual,Inorganic,50.15,2024-02-10,2024-06-04,115,1634.16,IOT5000,2024-06-04 23:00:00,15.7403,76.3951,0.7481,Mild
FARM0183,East Africa,Rice,30.58,6.43,33.56,242.33,81.57,4.8,None,Mixed,86.81,2024-01-21,2024-06-12,143,6084.08,IOT5839,2024-06-05 22:00:00,10.542,83.7378,0.4154,None
FARM0184,North India,Wheat,44.91,6.41,31.17,245.74,60.73,7.01,Manual,Inorganic,92.89,2024-04-24,2024-08-30,128,5146.67,IOT2702,2024-06-07 03:00:00,32.8522,76.4895,0.7579,None
FARM0185,South India,Cotton,16.23,6.04,17.0,266.29,54.81,8.17,Manual,Inorganic,22.06,2024-03-09,2024-07-15,128,4753.77,IOT7009,2024-06-01 15:00:00,10.2373,79.4233,0.404,None
FARM0186,North India,Soybean,14.2,6.67,17.85,124.41,71.18,8.36,Manual,Organic,38.72,2024-05-11,2024-08-22,103,2003.55,IOT6157,2024-06-05 08:00:00,29.0067,81.5285,0.7999,None
FARM0187,East Africa,Rice,24.23,6.48,30.82,91.55,45.43,4.92,None,Mixed,35.9,2024-03-08,2024-07-29,143,1981.65,IOT3136,2024-06-07 04:00:00,29.554,80.0376,0.6895,Severe
FARM0188,East Africa,Cotton,17.26,6.45,33.99,195.67,45.13,8.39,Drip,Mixed,70.48,2024-03-06,2024-07-08,124,1848.6,IOT7581,2024-06-01 19:00:00,31.9235,80.9557,0.6476,None
FARM0189,South USA,Wheat,27.31,6.98,34.71,58.58,42.13,6.57,Drip,Organic,66.57,2024-05-10,2024-08-26,108,4328.02,IOT1313,2024-06-01 19:00:00,18.8688,88.5208,0.8093,None
FARM0190,North India,Soybean,12.08,7.08,23.68,158.33,48.51,7.09,Sprinkler,Inorganic,5.5,2024-04-18,2024-07-23,96,1736.38,IOT7326,2024-06-03 09:00:00,14.9177,70.0135,0.5195,Moderate
FARM0191,South India,Soybean,39.1,7.26,33.12,182.26,67.05,9.11,Sprinkler,Inorganic,49.11,2024-05-23,2024-09-20,120,6177.96,IOT2432,2024-06-07 12:00:00,26.4575,88.3524,0.868,None
FARM0192,South USA,Wheat,38.43,6.7,34.41,195.99,63.3,7.26,Drip,Organic,61.84,2024-03-10,2024-07-08,120,6537.54,IOT9141,2024-06-01 02:00:00,27.2832,83.1892,0.3083,None
FARM0193,Central USA,Cotton,29.96,7.06,24.02,295.83,54.64,4.55,Drip,Inorganic,7.45,2024-04-09,2024-08-06,119,2613.29,IOT6982,2024-06-06 05:00:00,27.4995,89.4154,0.3149,None
FARM0194,East Africa,Cotton,20.97,7.15,18.29,50.21,87.62,6.35,Drip,Organic,83.58,2024-05-23,2024-09-22,122,6260.54,IOT7914,2024-06-01 12:00:00,14.5536,86.9876,0.4644,Mild
FARM0195,South India,Maize,33.86,7.08,15.81,255.29,46.93,6.15,Drip,Organic,18.71,2024-01-14,2024-05-02,109,4101.37,IOT7822,2024-06-07 13:00:00,19.629,82.346,0.3,None
FARM0196,East Africa,Wheat,12.4,6.74,26.63,101.03,79.9,4.22,Sprinkler,Mixed,41.77,2024-04-10,2024-08-15,127,6071.39,IOT8152,2024-06-05 06:00:00,22.7793,88.305,0.3298,Mild
FARM0197,South USA,Rice,15.07,5.74,34.88,95.05,84.84,9.95,Sprinkler,Organic,96.29,2024-05-06,2024-08-06,92,5143.81,IOT5509,2024-06-01 21:00:00,32.5261,83.284,0.8532,Moderate
FARM0198,Central USA,Cotton,45.41,5.74,17.87,79.44,44.55,6.12,Sprinkler,Mixed,66.62,2024-02-26,2024-06-08,103,3920.24,IOT7768,2024-06-04 10:00:00,17.3879,72.4881,0.5962,Mild
FARM0199,South India,Wheat,10.01,7.11,31.45,224.4,43.83,7.51,Sprinkler,Inorganic,82.51,2024-05-17,2024-09-08,114,4496.15,IOT8897,2024-06-07 21:00:00,22.9896,78.8683,0.4331,None
FARM0200,East Africa,Wheat,34.76,5.54,27.69,216.35,51.96,7.59,Drip,Inorganic,67.08,2024-03-07,2024-07-19,134,3784.34,IOT9273,2024-06-04 21:00:00,32.0754,78.9647,0.8201,None
FARM0201,South India,Cotton,39.89,5.84,19.93,157.73,56.57,7.51,Manual,Organic,56.97,2024-04-03,2024-08-21,140,3366.86,IOT3596,2024-06-05 18:00:00,23.9293,85.7118,0.6306,None
FARM0202,East Africa,Rice,42.81,5.88,20.43,123.94,65.4,4.8,Drip,Organic,39.77,2024-01-07,2024-05-09,123,3123.51,IOT8617,2024-06-07 02:00:00,27.5902,76.7244,0.8875,None
FARM0203,South USA,Cotton,28.97,7.22,18.34,112.43,46.73,8.79,Manual,Organic,0.02,2024-04-15,2024-08-22,129,2146.57,IOT7326,2024-06-01 15:00:00,17.4699,84.6062,0.7596,Mild
FARM0204,South USA,Maize,19.51,7.44,26.31,82.75,60.3,5.98,None,Mixed,35.21,2024-01-19,2024-05-07,109,2119.98,IOT7652,2024-06-01 03:00:00,15.2127,81.8313,0.7199,None
FARM0205,South India,Soybean,38.27,7.43,21.93,269.65,41.09,5.73,None,Organic,66.08,2024-02-13,2024-06-12,120,1191.29,IOT5739,2024-06-07 07:00:00,26.528,70.6105,0.8148,Mild
FARM0206,Central USA,Soybean,34.93,6.69,34.11,182.27,57.75,7.15,None,Mixed,13.23,2024-03-06,2024-07-02,118,5588.31,IOT1258,2024-06-04 14:00:00,16.8689,73.0608,0.8668,None
FARM0207,North India,Soybean,34.29,7.35,22.68,225.77,88.05,4.91,None,Mixed,97.14,2024-05-27,2024-09-17,113,6975.92,IOT9629,2024-06-05 15:00:00,34.9877,82.1005,0.8122,None
FARM0208,Central USA,Maize,36.79,5.71,24.78,160.67,50.8,5.8,Drip,Inorganic,67.1,2024-05-09,2024-08-20,103,5180.55,IOT6944,2024-06-07 20:00:00,19.844,85.4792,0.8429,None
FARM0209,Central USA,Cotton,25.87,5.65,29.97,65.88,49.29,6.5,Sprinkler,Inorganic,49.06,2024-05-19,2024-09-15,119,2997.77,IOT3532,2024-06-03 18:00:00,28.0759,81.2108,0.7821,None
FARM0210,East Africa,Wheat,36.8,5.94,22.72,206.21,41.44,6.62,Sprinkler,Mixed,78.14,2024-03-20,2024-08-07,140,2507.21,IOT6340,2024-06-03 04:00:00,29.3714,72.4663,0.4546,Moderate
FARM0211,Central USA,Wheat,21.17,5.65,17.98,288.88,70.68,8.37,Manual,Inorganic,88.75,2024-02-09,2024-07-04,146,5493.85,IOT1209,2024-06-03 23:00:00,26.2528,85.0975,0.6326,Moderate
FARM0212,Central USA,Wheat,36.78,7.37,23.09,264.9,85.46,9.42,Drip,Organic,39.97,2024-01-22,2024-06-10,140,6321.48,IOT9857,2024-06-01 05:00:00,21.9568,81.308,0.6623,Moderate
FARM0213,East Africa,Wheat,33.28,7.17,20.27,102.47,86.32,8.16,Sprinkler,Inorganic,69.79,2024-02-02,2024-05-18,106,3864.46,IOT6776,2024-06-05 21:00:00,33.933,83.0434,0.8302,None
FARM0214,South USA,Cotton,15.33,6.66,22.91,249.7,67.16,9.29,None,Mixed,30.55,2024-02-16,2024-06-05,110,5749.39,IOT6450,2024-06-02 03:00:00,29.3451,80.4735,0.5655,None
FARM0215,South USA,Soybean,17.87,5.77,27.02,173.29,58.73,4.51,Drip,Organic,77.82,2024-01-16,2024-05-31,136,4895.62,IOT8768,2024-06-05 02:00:00,21.2833,87.9693,0.4794,None
FARM0216,Central USA,Maize,33.14,6.28,30.48,82.32,61.86,8.19,Manual,Inorganic,1.13,2024-02-10,2024-07-03,144,3582.7,IOT2108,2024-06-06 03:00:00,32.997,72.2205,0.6544,Mild
FARM0217,East Africa,Soybean,26.5,6.64,26.69,67.26,81.84,6.88,Manual,Inorganic,1.35,2024-01-03,2024-04-11,99,5818.2,IOT5650,2024-06-07 01:00:00,11.8487,86.0754,0.8984,None
FARM0218,South USA,Cotton,11.03,5.77,21.46,148.42,86.99,6.38,None,Inorganic,3.35,2024-05-26,2024-10-02,129,4391.72,IOT8030,2024-06-04 13:00:00,34.9853,72.7693,0.5544,Mild
FARM0219,North India,Rice,37.59,5.66,19.73,90.02,85.37,5.08,Sprinkler,Organic,12.53,2024-03-14,2024-07-14,122,1503.99,IOT5242,2024-06-06 23:00:00,24.8363,85.5719,0.4874,None
FARM0220,North India,Soybean,32.21,6.43,25.57,130.06,72.9,9.38,Drip,Organic,86.46,2024-03-10,2024-06-08,90,5859.41,IOT9064,2024-06-06 23:00:00,11.6664,70.4478,0.7639,None
FARM0221,Central USA,Maize,22.25,6.43,16.31,174.75,52.4,5.65,Sprinkler,Inorganic,73.04,2024-04-13,2024-08-27,136,4513.2,IOT8640,2024-06-01 22:00:00,15.0637,83.0977,0.6989,None
FARM0222,East Africa,Rice,21.01,6.82,22.68,168.12,50.57,7.9,Sprinkler,Mixed,98.22,2024-02-20,2024-07-01,132,2544.35,IOT4685,2024-06-06 14:00:00,34.5979,72.271,0.8954,None
FARM0223,Central USA,Wheat,19.56,7.41,27.72,199.28,89.87,7.67,Drip,Inorganic,61.72,2024-04-16,2024-08-04,110,5217.77,IOT8172,2024-06-07 07:00:00,18.4066,73.7697,0.4534,None
FARM0224,Central USA,Wheat,25.57,7.4,23.74,187.9,77.43,8.35,Drip,Mixed,4.44,2024-03-01,2024-07-20,141,4363.93,IOT6229,2024-06-07 23:00:00,33.9378,84.5513,0.6166,Moderate
FARM0225,North India,Soybean,39.03,6.07,26.78,85.87,60.22,4.2,Sprinkler,Organic,67.59,2024-02-25,2024-06-14,110,2592.35,IOT2794,2024-06-07 16:00:00,11.355,83.7783,0.6727,None
FARM0226,South USA,Maize,14.09,6.07,18.72,188.43,84.35,7.81,None,Organic,90.78,2024-03-21,2024-07-28,129,4653.47,IOT5235,2024-06-02 03:00:00,14.4058,79.9732,0.8509,None
FARM0227,South USA,Maize,11.25,6.17,26.45,60.65,70.49,7.14,Sprinkler,Mixed,32.1,2024-04-05,2024-07-24,110,4050.14,IOT7375,2024-06-05 02:00:00,23.8069,71.789,0.6967,None
FARM0228,East Africa,Cotton,13.63,6.09,28.0,84.18,73.88,4.35,Drip,Inorganic,30.14,2024-01-18,2024-06-12,146,3808.65,IOT2737,2024-06-04 01:00:00,28.9597,82.0231,0.8902,None
FARM0229,North India,Rice,39.49,6.06,34.22,297.02,86.32,9.67,Sprinkler,Organic,51.27,2024-01-02,2024-05-03,122,5560.62,IOT9768,2024-06-03 22:00:00,31.6154,76.3665,0.3565,None
FARM0230,South India,Cotton,36.3,5.88,17.24,215.22,73.82,6.2,Drip,Mixed,92.19,2024-03-16,2024-07-14,120,5518.7,IOT5356,2024-06-07 02:00:00,10.8377,80.5452,0.4746,Mild
FARM0231,Central USA,Soybean,10.46,6.33,16.28,122.52,72.19,5.77,None,Inorganic,55.71,2024-05-03,2024-08-27,116,3699.53,IOT2203,2024-06-07 22:00:00,34.5337,88.5361,0.8832,None
FARM0232,East Africa,Wheat,25.65,6.52,17.16,184.42,80.97,6.27,Manual,Organic,44.51,2024-03-13,2024-07-28,137,3707.78,IOT3619,2024-06-07 13:00:00,15.4487,81.7495,0.5075,None
FARM0233,South India,Soybean,33.69,7.04,34.6,277.77,65.18,6.93,Manual,Inorganic,64.44,2024-03-19,2024-07-06,109,4568.4,IOT4429,2024-06-06 17:00:00,21.5711,84.3649,0.7318,None
FARM0234,North India,Maize,29.41,7.34,26.05,195.0,55.98,9.75,Sprinkler,Organic,3.21,2024-01-01,2024-04-24,114,4149.31,IOT4045,2024-06-06 16:00:00,29.3392,80.0758,0.6837,None
FARM0235,South USA,Soybean,16.17,7.4,31.85,118.78,60.06,9.64,Drip,Organic,64.96,2024-04-17,2024-09-01,137,2927.11,IOT3935,2024-06-02 15:00:00,11.6744,73.1745,0.8783,None
FARM0236,South India,Wheat,30.36,7.46,28.8,207.4,66.22,8.2,Manual,Organic,73.3,2024-01-06,2024-05-17,132,5011.52,IOT9303,2024-06-03 03:00:00,14.2459,74.7358,0.8752,None
FARM0237,Central USA,Maize,29.24,6.99,24.65,128.7,44.8,9.57,Drip,Mixed,21.3,2024-02-20,2024-05-24,94,5151.5,IOT3858,2024-06-04 10:00:00,27.6701,77.4212,0.5964,None
FARM0238,North India,Cotton,21.5,6.64,21.37,154.5,75.64,4.06,Sprinkler,Mixed,15.72,2024-01-24,2024-05-07,104,3749.17,IOT1081,2024-06-07 11:00:00,16.8763,88.8756,0.5265,None
FARM0239,South India,Cotton,17.03,6.37,25.66,52.69,81.65,7.08,Sprinkler,Mixed,37.06,2024-02-03,2024-05-20,107,2964.23,IOT5497,2024-06-03 03:00:00,34.6865,83.6256,0.483,None
FARM0240,South USA,Maize,34.87,7.3,18.97,71.1,60.29,5.47,Sprinkler,Inorganic,91.65,2024-02-08,2024-06-17,130,2852.54,IOT4470,2024-06-05 01:00:00,20.3602,77.449,0.5508,None
FARM0241,North India,Rice,19.81,6.86,33.01,137.61,41.48,4.15,Sprinkler,Mixed,29.57,2024-05-12,2024-09-22,133,2378.67,IOT1509,2024-06-07 15:00:00,16.922,73.8144,0.6707,None
FARM0242,South India,Wheat,39.65,6.0,20.66,257.2,85.06,8.95,Manual,Inorganic,58.59,2024-01-18,2024-04-24,97,2953.63,IOT3190,2024-06-03 21:00:00,19.6367,83.6888,0.4143,Severe
FARM0243,Central USA,Cotton,42.57,6.31,30.17,146.85,69.5,8.67,Sprinkler,Inorganic,16.3,2024-05-03,2024-09-19,139,3181.51,IOT9096,2024-06-02 17:00:00,26.8763,76.5289,0.6279,None
FARM0244,South India,Rice,46.29,6.64,32.6,255.96,43.99,5.24,Manual,Mixed,49.52,2024-02-22,2024-06-10,109,1496.02,IOT1605,2024-06-04 14:00:00,20.4972,74.4512,0.303,None
FARM0245,South India,Maize,10.17,7.07,16.54,162.26,60.89,5.09,Sprinkler,Mixed,34.84,2024-04-12,2024-09-02,143,5957.16,IOT4558,2024-06-04 00:00:00,20.8701,86.55,0.6023,None
FARM0246,East Africa,Maize,42.83,6.65,16.85,212.22,61.25,8.87,Manual,Organic,99.08,2024-01-21,2024-05-18,118,5482.42,IOT6083,2024-06-04 23:00:00,24.8388,87.979,0.4189,None
FARM0247,South USA,Maize,33.46,7.1,26.67,281.5,79.16,4.8,Sprinkler,Inorganic,78.1,2024-04-02,2024-08-12,132,3795.65,IOT8060,2024-06-02 21:00:00,21.8228,85.3718,0.8173,Mild
FARM0248,East Africa,Maize,39.22,6.08,16.11,218.99,72.44,8.81,Manual,Mixed,80.76,2024-03-03,2024-06-19,108,4224.9,IOT9768,2024-06-07 21:00:00,17.4466,71.4911,0.4059,None
FARM0249,South USA,Soybean,46.27,7.24,29.37,56.03,57.07,8.09,Manual,Inorganic,15.08,2024-01-11,2024-04-11,91,2983.51,IOT3650,2024-06-02 21:00:00,26.4218,85.6357,0.6635,None
FARM0250,East Africa,Maize,41.78,6.89,26.48,80.15,48.28,8.92,Drip,Inorganic,11.31,2024-05-16,2024-09-20,127,4167.72,IOT3671,2024-06-06 02:00:00,22.1454,88.5865,0.3652,None
FARM0251,South USA,Wheat,12.33,5.72,23.69,144.79,89.49,9.8,Drip,Organic,19.6,2024-05-07,2024-08-06,91,3483.44,IOT1604,2024-06-05 22:00:00,22.4862,84.1669,0.7507,None
FARM0252,Central USA,Cotton,21.53,5.71,22.25,124.83,71.72,9.3,Manual,Inorganic,97.8,2024-02-22,2024-07-18,147,3986.3,IOT3819,2024-06-01 14:00:00,12.6616,76.1936,0.6314,Severe
FARM0253,South India,Cotton,33.03,6.75,31.45,234.11,68.46,8.02,Sprinkler,Inorganic,74.01,2024-03-17,2024-06-16,91,5430.93,IOT9013,2024-06-03 05:00:00,11.1111,87.902,0.8336,None
FARM0254,Central USA,Maize,17.49,6.54,32.15,126.01,80.54,9.47,Manual,Inorganic,70.75,2024-01-09,2024-04-16,98,2887.19,IOT4669,2024-06-05 04:00:00,10.9793,88.1741,0.7384,None
FARM0255,North India,Rice,23.57,6.55,25.34,102.05,78.84,5.79,Sprinkler,Organic,98.98,2024-02-24,2024-06-27,124,4391.6,IOT1557,2024-06-02 08:00:00,24.6261,78.1638,0.6927,Severe
FARM0256,South USA,Cotton,19.99,6.73,29.26,273.02,56.59,9.16,Sprinkler,Inorganic,95.21,2024-03-16,2024-08-01,138,5174.71,IOT6008,2024-06-05 22:00:00,17.7539,78.0852,0.6707,None
FARM0257,South India,Cotton,33.67,6.89,32.19,233.48,79.94,9.48,Sprinkler,Mixed,26.21,2024-03-04,2024-06-24,112,5142.89,IOT6628,2024-06-03 01:00:00,27.48,76.9024,0.585,None
FARM0258,East Africa,Maize,25.24,5.93,29.88,83.66,84.61,6.46,Drip,Mixed,42.97,2024-05-13,2024-10-09,149,5442.8,IOT7466,2024-06-04 06:00:00,22.0128,88.0901,0.7813,None
FARM0259,South USA,Maize,29.09,5.82,27.33,274.38,86.57,8.48,Manual,Inorganic,53.31,2024-01-18,2024-05-31,134,3502.48,IOT7696,2024-06-02 22:00:00,21.1252,80.6657,0.4596,Moderate
FARM0260,South USA,Maize,42.58,5.66,30.76,172.56,40.27,5.36,Sprinkler,Mixed,12.26,2024-03-17,2024-08-13,149,2129.65,IOT1596,2024-06-07 15:00:00,30.534,70.8579,0.3592,None
FARM0261,Central USA,Maize,46.23,6.52,21.1,177.8,83.95,8.15,None,Organic,28.43,2024-02-04,2024-05-21,107,6468.63,IOT3922,2024-06-07 06:00:00,32.8999,72.2572,0.6413,Moderate
FARM0262,Central USA,Rice,18.34,7.22,17.44,88.98,67.2,5.65,Manual,Mixed,53.49,2024-01-07,2024-06-02,147,1964.39,IOT3786,2024-06-06 15:00:00,25.5229,70.1581,0.6415,None
FARM0263,Central USA,Cotton,39.07,6.25,29.36,85.96,85.68,9.28,Sprinkler,Inorganic,42.62,2024-02-10,2024-06-27,138,3358.6,IOT8369,2024-06-03 07:00:00,27.8418,75.6637,0.6597,None
FARM0264,East Africa,Maize,24.46,5.86,29.6,270.91,43.94,8.71,None,Inorganic,32.2,2024-04-17,2024-08-10,115,5770.26,IOT4091,2024-06-05 06:00:00,20.7791,78.5345,0.4113,Mild
FARM0265,North India,Rice,49.82,6.99,20.13,288.35,50.69,8.39,None,Organic,49.94,2024-04-24,2024-08-18,116,2686.47,IOT2702,2024-06-01 17:00:00,16.9696,75.5286,0.8003,None
FARM0266,South USA,Cotton,48.2,7.18,16.24,129.98,47.12,9.7,Drip,Organic,85.25,2024-05-07,2024-08-14,99,5285.95,IOT5679,2024-06-01 04:00:00,34.7997,83.6141,0.8559,None
FARM0267,Central USA,Cotton,36.98,7.25,34.86,77.17,71.56,6.02,Manual,Inorganic,25.55,2024-02-10,2024-06-27,138,6008.0,IOT7867,2024-06-03 03:00:00,19.7437,80.3271,0.3066,Mild
FARM0268,East Africa,Soybean,42.66,6.03,15.22,88.71,89.28,5.92,Manual,Mixed,88.92,2024-02-22,2024-07-18,147,2692.76,IOT3617,2024-06-07 04:00:00,11.4404,78.2902,0.6705,None
FARM0269,South India,Wheat,44.4,6.16,33.38,167.9,40.52,4.97,Manual,Inorganic,11.65,2024-04-22,2024-08-16,116,2350.18,IOT4497,2024-06-06 00:00:00,19.2544,80.3657,0.307,None
FARM0270,South India,Cotton,49.42,5.88,27.6,183.88,47.72,5.01,Manual,Inorganic,99.66,2024-05-04,2024-09-08,127,5436.01,IOT1973,2024-06-06 05:00:00,24.4247,72.3074,0.5771,None
FARM0271,South USA,Cotton,29.37,7.34,25.0,257.75,55.87,9.83,None,Inorganic,62.42,2024-03-10,2024-06-30,112,2995.87,IOT4845,2024-06-06 04:00:00,22.8352,72.2781,0.6895,None
FARM0272,South India,Rice,29.68,5.68,34.15,216.39,45.13,8.94,Sprinkler,Organic,55.2,2024-01-08,2024-04-28,111,3485.29,IOT4251,2024-06-06 09:00:00,25.7307,84.1624,0.6842,None
FARM0273,North India,Soybean,23.3,5.97,31.65,272.68,60.5,4.16,Manual,Inorganic,67.68,2024-02-15,2024-06-25,131,6013.59,IOT4238,2024-06-04 03:00:00,28.2908,87.2652,0.8533,Mild
FARM0274,South USA,Rice,28.54,6.78,25.79,89.72,69.46,9.32,Sprinkler,Inorganic,56.53,2024-04-16,2024-07-19,94,4577.32,IOT9417,2024-06-06 22:00:00,27.3697,76.1041,0.5414,None
FARM0275,North India,Maize,12.12,6.39,29.79,252.12,89.11,5.14,Manual,Mixed,77.29,2024-04-24,2024-08-11,109,4950.24,IOT3819,2024-06-06 10:00:00,14.7963,73.163,0.872,None
FARM0276,South USA,Cotton,48.17,5.96,15.12,199.72,65.39,6.87,Manual,Organic,16.61,2024-05-04,2024-09-13,132,2078.48,IOT6128,2024-06-07 14:00:00,18.8283,76.1755,0.8873,Moderate
FARM0277,North India,Maize,49.24,7.48,22.12,161.3,87.95,7.65,Manual,Mixed,98.76,2024-04-21,2024-08-19,120,2916.47,IOT9793,2024-06-02 06:00:00,17.3998,71.7275,0.3522,None
FARM0278,North India,Maize,12.64,5.7,15.02,50.48,86.82,9.56,Drip,Organic,23.46,2024-02-16,2024-07-12,147,4950.08,IOT5342,2024-06-06 10:00:00,28.4918,74.9087,0.8221,None
FARM0279,South USA,Soybean,21.89,5.8,20.82,195.02,81.3,6.18,None,Inorganic,71.64,2024-01-24,2024-05-05,102,4838.76,IOT9892,2024-06-06 12:00:00,16.4231,78.5212,0.8336,None
FARM0280,Central USA,Cotton,26.76,6.7,31.24,260.36,73.51,7.85,None,Organic,49.15,2024-04-04,2024-08-07,125,6345.7,IOT7584,2024-06-07 11:00:00,24.3314,76.2437,0.5606,None
FARM0281,North India,Rice,38.06,7.35,30.16,71.06,63.46,6.61,Sprinkler,Inorganic,82.68,2024-01-07,2024-05-23,137,1964.2,IOT7987,2024-06-05 07:00:00,22.713,84.6016,0.719,Mild
FARM0282,East Africa,Soybean,33.37,5.79,31.67,82.65,41.59,5.64,Manual,Organic,80.16,2024-02-20,2024-05-27,97,4893.8,IOT6796,2024-06-02 16:00:00,25.2892,78.0877,0.6309,None
FARM0283,East Africa,Cotton,39.64,5.95,26.8,88.36,45.14,7.14,Manual,Inorganic,40.13,2024-05-26,2024-09-30,127,3864.57,IOT1645,2024-06-01 12:00:00,23.329,85.6156,0.8568,None
FARM0284,South USA,Wheat,27.5,5.58,32.23,298.9,86.16,9.16,Drip,Organic,15.64,2024-01-15,2024-06-06,143,7115.56,IOT6185,2024-06-03 18:00:00,20.2958,86.1765,0.5942,None
FARM0285,South USA,Cotton,25.97,5.7,17.07,148.84,65.14,5.12,Drip,Inorganic,57.12,2024-04-20,2024-09-16,149,3923.6,IOT9641,2024-06-01 04:00:00,31.4784,88.7348,0.4322,Mild
FARM0286,South India,Maize,29.94,6.7,15.64,58.21,76.08,5.16,Sprinkler,Organic,41.31,2024-05-03,2024-09-02,122,4205.87,IOT3882,2024-06-07 15:00:00,21.6789,86.3464,0.4297,None
FARM0287,South USA,Soybean,20.87,6.42,15.19,103.05,81.63,6.48,None,Inorganic,64.71,2024-01-18,2024-04-19,92,4801.51,IOT3453,2024-06-02 02:00:00,26.1076,76.1481,0.8031,Mild
FARM0288,East Africa,Cotton,36.33,6.0,27.91,71.85,87.18,8.72,None,Organic,34.5,2024-02-03,2024-06-19,137,2848.67,IOT7460,2024-06-03 07:00:00,24.1428,78.4823,0.5775,None
FARM0289,South USA,Maize,35.18,6.23,15.54,79.13,76.54,6.22,None,Mixed,7.7,2024-03-06,2024-06-22,108,3049.3,IOT6681,2024-06-03 05:00:00,32.4774,74.4865,0.6625,None
FARM0290,North India,Wheat,14.27,5.77,31.74,237.44,59.12,8.97,Manual,Organic,37.28,2024-05-17,2024-09-19,125,3158.44,IOT1909,2024-06-05 15:00:00,17.1013,82.6102,0.3352,None
FARM0291,North India,Cotton,32.01,6.72,28.91,279.53,79.28,5.32,Manual,Mixed,42.56,2024-01-19,2024-05-02,104,6334.16,IOT3831,2024-06-04 08:00:00,13.8024,77.2947,0.7897,None
FARM0292,South India,Rice,12.29,5.54,22.05,223.04,56.52,8.01,Sprinkler,Inorganic,41.56,2024-04-14,2024-08-09,117,3949.49,IOT5568,2024-06-01 11:00:00,26.5522,73.0858,0.5998,Mild
FARM0293,North India,Wheat,22.53,5.92,17.52,144.4,67.05,4.44,Drip,Organic,93.98,2024-03-26,2024-08-06,133,3823.82,IOT5067,2024-06-03 05:00:00,24.489,72.7791,0.5759,Mild
FARM0294,South USA,Cotton,24.55,7.07,28.67,69.57,67.9,5.1,None,Inorganic,0.94,2024-05-21,2024-10-07,139,5221.07,IOT4868,2024-06-05 01:00:00,30.173,79.4757,0.5907,Mild
FARM0295,East Africa,Rice,20.48,5.52,32.43,183.84,88.77,8.29,Manual,Mixed,36.78,2024-01-22,2024-06-18,148,3340.35,IOT7868,2024-06-06 06:00:00,14.0588,78.0942,0.8921,None
FARM0296,South USA,Maize,12.28,6.26,26.61,237.8,66.42,7.09,Sprinkler,Organic,49.41,2024-03-19,2024-07-15,118,5378.73,IOT8375,2024-06-07 13:00:00,21.3389,85.9217,0.43,Moderate
FARM0297,Central USA,Cotton,44.99,5.63,32.71,127.65,68.26,5.62,None,Organic,61.52,2024-04-17,2024-08-31,136,6330.61,IOT7874,2024-06-05 07:00:00,31.794,86.0142,0.7522,Mild
FARM0298,East Africa,Soybean,30.06,6.25,19.48,189.35,84.47,7.56,Sprinkler,Mixed,67.04,2024-01-05,2024-05-27,143,5684.27,IOT8255,2024-06-06 19:00:00,13.2261,72.1614,0.4696,None
FARM0299,North India,Soybean,34.34,5.82,20.23,191.29,50.86,6.54,Manual,Organic,27.99,2024-05-13,2024-10-08,148,2564.37,IOT7753,2024-06-07 21:00:00,17.9062,79.013,0.5295,Moderate
FARM0300,East Africa,Cotton,33.1,6.22,28.26,191.14,86.2,4.61,None,Organic,12.69,2024-04-13,2024-08-19,128,3326.46,IOT4202,2024-06-02 14:00:00,31.0679,84.5478,0.5556,None
FARM0301,South India,Wheat,45.16,6.17,29.36,65.51,75.47,4.41,Sprinkler,Organic,61.5,2024-02-14,2024-05-16,92,3900.53,IOT4764,2024-06-05 09:00:00,32.3322,74.7935,0.3468,None
FARM0302,North India,Soybean,13.43,6.04,21.42,186.92,78.69,6.37,Manual,Organic,61.67,2024-02-05,2024-06-24,140,6484.62,IOT9156,2024-06-02 21:00:00,32.3783,85.1222,0.4008,Moderate
FARM0303,South USA,Rice,37.17,6.09,23.83,251.7,56.53,4.99,Manual,Inorganic,54.05,2024-04-18,2024-09-05,140,3488.62,IOT8208,2024-06-02 05:00:00,15.4569,70.5035,0.6622,Mild
FARM0304,East Africa,Soybean,47.07,7.47,29.9,266.98,73.69,5.03,Manual,Mixed,3.25,2024-03-25,2024-07-19,116,3299.19,IOT2606,2024-06-06 04:00:00,31.2094,77.6805,0.577,None
FARM0305,Central USA,Rice,34.55,6.4,27.12,186.72,79.94,8.51,Sprinkler,Inorganic,18.4,2024-02-23,2024-07-04,132,4604.34,IOT1186,2024-06-03 14:00:00,15.3973,83.5061,0.6039,None
FARM0306,South USA,Cotton,16.47,5.72,20.79,227.38,69.41,6.88,Drip,Mixed,59.99,2024-05-13,2024-09-26,136,4356.87,IOT8421,2024-06-04 09:00:00,21.5999,85.1296,0.6507,None
FARM0307,South USA,Soybean,44.31,5.55,16.67,244.09,71.2,7.35,Drip,Mixed,76.4,2024-04-03,2024-07-03,91,4515.0,IOT4951,2024-06-01 18:00:00,30.4224,70.5737,0.3469,None
FARM0308,East Africa,Cotton,46.24,6.44,16.36,102.38,40.4,8.66,Sprinkler,Mixed,38.73,2024-03-09,2024-07-31,144,4277.64,IOT9890,2024-06-07 23:00:00,13.0393,84.0352,0.7003,None
FARM0309,East Africa,Rice,48.99,5.74,33.89,208.57,42.62,9.83,Sprinkler,Organic,67.98,2024-03-16,2024-07-18,124,2216.91,IOT1473,2024-06-05 23:00:00,29.0268,77.2666,0.793,Severe
FARM0310,South India,Rice,27.06,7.26,18.01,271.45,89.61,4.32,None,Inorganic,34.58,2024-04-25,2024-09-19,147,4773.33,IOT2624,2024-06-06 19:00:00,21.719,83.0712,0.6237,None
FARM0311,Central USA,Wheat,17.97,6.32,25.64,245.02,72.7,6.56,Drip,Organic,80.71,2024-04-11,2024-08-09,120,6264.18,IOT9062,2024-06-04 17:00:00,11.2201,85.0723,0.5217,None
FARM0312,Central USA,Soybean,19.87,6.4,29.93,188.53,70.46,6.82,Drip,Inorganic,93.7,2024-02-12,2024-06-03,112,3670.63,IOT3078,2024-06-05 03:00:00,26.1249,74.2108,0.816,Moderate
FARM0313,North India,Maize,28.9,7.32,29.79,218.13,66.0,4.51,Manual,Inorganic,81.81,2024-04-12,2024-07-26,105,2350.16,IOT7894,2024-06-07 06:00:00,15.3927,78.9464,0.4908,Severe
FARM0314,North India,Maize,20.0,6.13,25.58,119.65,81.23,8.92,Sprinkler,Mixed,60.71,2024-05-25,2024-09-03,101,5013.33,IOT6075,2024-06-01 09:00:00,11.8395,77.0033,0.6744,None
FARM0315,North India,Soybean,30.39,6.15,21.48,131.73,79.43,8.27,None,Inorganic,56.78,2024-05-14,2024-08-16,94,3091.16,IOT6665,2024-06-05 02:00:00,21.6997,72.3937,0.8014,None
FARM0316,Central USA,Maize,41.53,7.33,21.12,243.99,72.63,9.94,None,Organic,92.69,2024-03-01,2024-07-08,129,3029.47,IOT3297,2024-06-04 11:00:00,20.2414,78.3739,0.6163,None
FARM0317,South USA,Wheat,21.64,7.36,16.75,164.83,87.37,9.41,Manual,Inorganic,68.71,2024-04-18,2024-07-26,99,4293.02,IOT7138,2024-06-03 05:00:00,17.184,80.8053,0.8313,Moderate
FARM0318,North India,Rice,25.95,5.76,16.52,201.17,49.45,4.36,Sprinkler,Inorganic,4.71,2024-04-27,2024-08-14,109,5126.52,IOT3533,2024-06-03 22:00:00,26.9074,80.1834,0.7973,None
FARM0319,East Africa,Cotton,23.3,5.79,32.47,103.03,54.7,8.24,Manual,Mixed,29.26,2024-04-14,2024-08-11,119,4436.7,IOT6650,2024-06-06 09:00:00,10.0086,71.1937,0.5595,Severe
FARM0320,Central USA,Rice,49.76,6.33,15.93,126.49,73.79,4.81,Sprinkler,Inorganic,69.25,2024-01-14,2024-05-06,113,3217.79,IOT5122,2024-06-05 22:00:00,26.6605,85.8196,0.5475,None
FARM0321,South India,Wheat,24.72,6.75,24.28,201.96,75.67,4.26,None,Inorganic,82.44,2024-01-03,2024-04-05,93,3206.85,IOT3003,2024-06-01 07:00:00,18.7633,83.6271,0.3702,Mild
FARM0322,North India,Cotton,24.94,7.32,15.7,59.78,87.46,9.79,None,Mixed,20.65,2024-01-13,2024-05-26,134,1913.71,IOT9152,2024-06-06 08:00:00,10.6019,70.8766,0.3178,Mild
FARM0323,East Africa,Wheat,29.73,7.08,24.9,157.3,40.58,7.41,Sprinkler,Inorganic,33.83,2024-01-27,2024-06-18,143,1386.99,IOT5438,2024-06-05 00:00:00,23.6385,71.7479,0.5657,None
FARM0324,North India,Wheat,36.14,6.61,16.29,205.44,80.7,9.95,Sprinkler,Organic,3.65,2024-01-16,2024-05-11,116,2689.87,IOT1091,2024-06-01 13:00:00,16.5342,77.2233,0.5956,None
FARM0325,South USA,Wheat,19.55,6.77,32.08,106.02,65.39,7.89,Manual,Mixed,2.06,2024-04-26,2024-09-18,145,5240.38,IOT2542,2024-06-06 21:00:00,26.3564,85.1842,0.368,Severe
FARM0326,Central USA,Cotton,24.53,6.0,26.46,270.43,66.03,7.97,Sprinkler,Mixed,44.22,2024-03-19,2024-07-04,107,3110.28,IOT3635,2024-06-03 12:00:00,19.235,87.0765,0.743,None
FARM0327,South India,Cotton,12.99,5.6,17.55,79.11,44.39,7.97,None,Inorganic,58.0,2024-04-26,2024-08-14,110,3946.45,IOT4716,2024-06-06 17:00:00,10.1994,86.6643,0.6098,Moderate
FARM0328,Central USA,Soybean,12.38,7.42,17.2,66.89,42.21,6.56,Sprinkler,Organic,87.92,2024-01-23,2024-06-05,134,1678.18,IOT2596,2024-06-01 07:00:00,17.3236,74.5724,0.6868,None
FARM0329,Central USA,Soybean,38.43,7.37,33.85,187.91,64.77,6.01,Drip,Mixed,80.6,2024-01-26,2024-06-18,144,5746.79,IOT9103,2024-06-06 00:00:00,11.3272,85.185,0.7883,None
FARM0330,South India,Rice,17.12,6.22,33.12,298.43,61.09,5.0,None,Organic,7.14,2024-02-16,2024-06-03,108,3763.81,IOT4269,2024-06-06 00:00:00,24.0254,81.4434,0.4719,Mild
FARM0331,South USA,Maize,23.02,7.08,18.44,222.76,68.18,4.88,None,Organic,97.65,2024-02-08,2024-06-08,121,4519.74,IOT5044,2024-06-04 14:00:00,10.1804,80.6012,0.6101,None
FARM0332,South India,Rice,12.86,7.28,18.47,156.31,61.7,7.32,Sprinkler,Inorganic,8.22,2024-05-17,2024-09-27,133,4193.64,IOT6675,2024-06-05 12:00:00,16.4853,83.5667,0.661,None
FARM0333,Central USA,Maize,37.2,6.23,28.67,78.16,63.41,5.01,None,Mixed,51.28,2024-04-04,2024-08-05,123,1693.6,IOT8509,2024-06-01 03:00:00,17.9269,82.9727,0.5758,None
FARM0334,Central USA,Soybean,42.97,6.81,20.29,64.9,40.1,9.43,Drip,Inorganic,78.42,2024-05-23,2024-09-20,120,4400.84,IOT1768,2024-06-05 23:00:00,25.111,78.5766,0.8072,Mild
FARM0335,South USA,Cotton,26.79,6.16,17.12,171.12,82.51,8.38,Sprinkler,Organic,13.27,2024-04-08,2024-08-26,140,5760.88,IOT7988,2024-06-01 06:00:00,27.4861,80.7601,0.8151,None
FARM0336,Central USA,Maize,27.76,7.08,24.84,167.77,47.41,9.11,None,Organic,98.03,2024-01-05,2024-04-27,113,1360.28,IOT7394,2024-06-03 04:00:00,30.3342,83.3205,0.5096,None
FARM0337,North India,Rice,27.3,7.1,30.21,128.03,75.14,6.97,None,Organic,85.77,2024-05-10,2024-09-09,122,4262.71,IOT6906,2024-06-02 14:00:00,15.6395,81.9611,0.375,Severe
FARM0338,Central USA,Soybean,15.32,6.05,19.8,125.25,54.95,7.35,Manual,Inorganic,36.96,2024-03-07,2024-06-22,107,2292.59,IOT1402,2024-06-03 05:00:00,13.0574,71.9625,0.5309,Severe
FARM0339,North India,Soybean,47.91,7.33,33.83,253.09,54.82,6.08,Manual,Organic,30.55,2024-02-05,2024-06-25,141,3789.75,IOT6445,2024-06-05 03:00:00,25.9425,82.8573,0.6674,None
FARM0340,Central USA,Cotton,10.31,6.75,26.51,129.53,66.19,6.96,Drip,Inorganic,46.98,2024-03-19,2024-06-26,99,3116.84,IOT2364,2024-06-01 05:00:00,26.0488,84.9852,0.6124,None
FARM0341,North India,Cotton,23.87,6.16,20.39,187.21,58.01,7.24,None,Inorganic,87.14,2024-05-23,2024-10-10,140,4162.88,IOT1289,2024-06-02 20:00:00,26.2655,85.4572,0.6678,None
FARM0342,East Africa,Maize,14.26,7.15,20.48,231.83,56.26,4.34,None,Organic,25.78,2024-05-21,2024-09-27,129,3378.83,IOT1165,2024-06-05 17:00:00,21.8434,81.3632,0.3037,None
FARM0343,South USA,Wheat,46.19,5.73,17.66,93.84,79.97,6.87,None,Mixed,79.59,2024-01-26,2024-06-17,143,2742.92,IOT2191,2024-06-05 10:00:00,33.0664,80.945,0.3374,None
FARM0344,East Africa,Maize,25.4,7.5,23.11,186.56,51.27,4.91,Sprinkler,Mixed,57.69,2024-03-22,2024-07-27,127,4229.48,IOT1053,2024-06-04 02:00:00,32.7357,80.2104,0.7313,Moderate
FARM0345,South India,Wheat,20.42,6.67,31.84,124.04,84.86,7.72,None,Mixed,58.95,2024-01-05,2024-05-23,139,3908.85,IOT5530,2024-06-01 14:00:00,32.5037,76.2443,0.4643,None
FARM0346,South USA,Wheat,38.34,6.85,29.52,214.91,77.99,5.16,Manual,Organic,56.4,2024-01-05,2024-04-15,101,4295.18,IOT9060,2024-06-05 09:00:00,30.0878,74.8497,0.7382,None
FARM0347,South USA,Maize,40.08,6.38,27.65,171.74,87.37,7.13,Manual,Inorganic,85.36,2024-04-08,2024-07-20,103,3969.85,IOT5037,2024-06-06 13:00:00,30.4465,74.2751,0.8574,None
FARM0348,Central USA,Soybean,35.79,6.83,28.21,180.15,70.56,8.86,Drip,Mixed,68.74,2024-03-08,2024-06-19,103,6509.47,IOT8782,2024-06-02 21:00:00,26.6231,81.2404,0.7262,Mild
FARM0349,South USA,Soybean,12.99,6.25,24.96,203.91,87.9,5.98,Sprinkler,Mixed,50.73,2024-01-09,2024-05-24,136,5083.46,IOT7596,2024-06-02 23:00:00,30.861,77.5476,0.3436,None
FARM0350,North India,Cotton,22.11,7.01,24.48,274.66,79.87,9.41,None,Inorganic,92.1,2024-01-08,2024-05-01,114,3610.75,IOT5203,2024-06-04 01:00:00,16.5358,76.466,0.8112,Mild
FARM0351,East Africa,Maize,26.57,5.93,32.21,237.35,57.68,8.09,Drip,Inorganic,24.21,2024-01-18,2024-04-24,97,2303.3,IOT7492,2024-06-01 00:00:00,18.6646,80.5354,0.4666,Mild
FARM0352,East Africa,Soybean,22.65,7.38,20.26,149.56,59.11,5.45,Sprinkler,Inorganic,31.16,2024-01-21,2024-05-30,130,1737.22,IOT2541,2024-06-02 19:00:00,22.6938,75.3428,0.3446,None
FARM0353,South India,Wheat,45.54,6.17,18.29,234.25,78.63,9.88,Sprinkler,Organic,12.68,2024-03-06,2024-06-28,114,2471.98,IOT1448,2024-06-03 12:00:00,15.6626,74.6541,0.8911,Mild
FARM0354,East Africa,Maize,34.67,6.01,17.09,226.4,46.58,6.66,Manual,Mixed,32.61,2024-05-09,2024-08-30,113,4564.11,IOT4257,2024-06-07 23:00:00,10.2099,84.6882,0.8998,None
FARM0355,South India,Soybean,15.67,6.09,18.41,168.79,79.85,6.04,Drip,Inorganic,72.03,2024-04-21,2024-08-22,123,4877.13,IOT6331,2024-06-06 05:00:00,24.9863,88.0387,0.647,None
FARM0356,Central USA,Rice,43.09,6.34,18.51,137.53,52.31,5.37,Drip,Mixed,61.63,2024-04-09,2024-08-15,128,3568.82,IOT1304,2024-06-07 10:00:00,21.4799,84.7962,0.6128,None
FARM0357,Central USA,Maize,45.65,6.99,18.51,118.72,85.97,6.62,Sprinkler,Inorganic,38.94,2024-05-14,2024-08-19,97,6271.15,IOT6787,2024-06-06 12:00:00,29.5955,83.3268,0.4449,None
FARM0358,North India,Cotton,16.96,5.54,22.14,231.53,86.05,7.97,Manual,Inorganic,46.37,2024-03-03,2024-06-30,119,4196.5,IOT9162,2024-06-07 05:00:00,18.8706,83.91,0.4103,None
FARM0359,East Africa,Maize,32.64,6.76,16.01,122.62,82.57,4.61,Manual,Inorganic,38.64,2024-01-05,2024-04-21,107,3470.96,IOT7712,2024-06-01 08:00:00,31.0833,83.6088,0.812,None
FARM0360,North India,Maize,42.93,6.79,22.2,178.0,89.8,8.45,Manual,Organic,55.2,2024-01-21,2024-04-24,94,4989.54,IOT5843,2024-06-04 06:00:00,24.216,84.065,0.8251,Moderate
FARM0361,Central USA,Wheat,48.58,5.94,26.76,225.05,81.28,6.44,None,Inorganic,37.44,2024-01-09,2024-05-15,127,5181.7,IOT4750,2024-06-07 14:00:00,33.4794,83.4778,0.4531,None
FARM0362,North India,Wheat,37.03,6.02,25.34,140.43,80.88,4.42,Sprinkler,Organic,63.24,2024-03-20,2024-06-24,96,2683.94,IOT8341,2024-06-03 21:00:00,13.6391,70.8139,0.3198,None
FARM0363,South India,Wheat,30.49,6.16,21.71,208.9,48.15,8.6,Manual,Organic,2.71,2024-01-11,2024-05-05,115,3661.69,IOT8089,2024-06-03 03:00:00,24.4742,86.0388,0.6366,None
FARM0364,East Africa,Maize,41.99,6.12,21.25,238.9,60.62,4.39,Sprinkler,Organic,46.72,2024-04-02,2024-07-06,95,4550.11,IOT5761,2024-06-01 17:00:00,24.0301,75.2105,0.5407,None
FARM0365,South USA,Soybean,40.38,6.38,25.09,81.27,77.34,7.58,Drip,Mixed,71.49,2024-02-12,2024-07-08,147,6162.85,IOT6704,2024-06-02 09:00:00,27.9907,70.9615,0.8234,None
FARM0366,East Africa,Rice,14.65,5.6,30.08,108.96,41.21,6.38,Drip,Inorganic,77.22,2024-03-10,2024-06-20,102,3024.57,IOT5170,2024-06-03 09:00:00,14.9307,77.38,0.4633,None
FARM0367,East Africa,Wheat,35.0,7.19,33.2,165.65,44.43,8.78,Sprinkler,Organic,94.02,2024-01-04,2024-04-23,110,4851.94,IOT1660,2024-06-04 16:00:00,32.2311,70.9931,0.8095,None
FARM0368,East Africa,Soybean,44.64,7.4,21.49,154.72,75.96,5.8,None,Mixed,93.75,2024-02-26,2024-07-21,146,5720.59,IOT2554,2024-06-06 11:00:00,31.4977,76.9883,0.33,Mild
FARM0369,North India,Cotton,19.08,6.43,15.18,182.84,87.64,4.93,None,Mixed,49.58,2024-02-22,2024-07-11,140,4698.05,IOT1675,2024-06-01 18:00:00,26.8458,81.2484,0.811,None
FARM0370,Central USA,Soybean,17.28,6.19,18.59,70.88,62.27,8.06,Sprinkler,Organic,19.18,2024-04-04,2024-08-05,123,4609.79,IOT8058,2024-06-02 22:00:00,32.1889,82.9255,0.7877,None
FARM0371,East Africa,Maize,23.97,7.1,23.74,261.71,52.74,4.07,Manual,Inorganic,17.11,2024-04-04,2024-07-09,96,3976.88,IOT6303,2024-06-06 07:00:00,26.3274,75.9029,0.7932,None
FARM0372,South USA,Soybean,39.69,6.65,30.28,67.47,64.26,5.94,Sprinkler,Mixed,88.69,2024-05-18,2024-09-01,106,5438.63,IOT2750,2024-06-01 01:00:00,23.5052,71.0353,0.7011,None
FARM0373,South India,Cotton,12.66,7.41,21.92,267.02,87.98,9.66,Manual,Mixed,9.87,2024-03-06,2024-06-30,116,6139.66,IOT7405,2024-06-06 13:00:00,24.0715,87.2613,0.6655,None
FARM0374,East Africa,Maize,48.18,5.78,23.92,213.96,61.65,5.7,Sprinkler,Mixed,50.52,2024-04-11,2024-07-19,99,3416.06,IOT3319,2024-06-07 14:00:00,32.6009,78.164,0.8882,None
FARM0375,South USA,Cotton,13.05,5.56,27.12,127.89,62.18,8.91,None,Inorganic,39.84,2024-04-04,2024-08-20,138,3394.74,IOT6219,2024-06-02 01:00:00,32.9086,87.9357,0.8905,None
FARM0376,Central USA,Wheat,28.17,7.16,18.55,105.08,55.74,8.73,Drip,Inorganic,24.78,2024-01-24,2024-05-18,115,2564.91,IOT1299,2024-06-06 09:00:00,11.7402,82.3778,0.3214,None
FARM0377,East Africa,Wheat,11.75,7.49,20.08,155.03,78.89,7.99,Drip,Organic,96.11,2024-02-08,2024-06-29,142,5717.97,IOT2117,2024-06-01 06:00:00,30.3692,86.346,0.3085,None
FARM0378,South India,Maize,41.82,6.57,19.43,62.76,78.0,5.9,Drip,Inorganic,67.06,2024-01-15,2024-05-21,127,3405.1,IOT4287,2024-06-03 16:00:00,29.4647,83.5318,0.5891,Severe
FARM0379,South USA,Cotton,14.26,7.14,19.24,228.32,48.95,4.1,Sprinkler,Organic,81.75,2024-04-13,2024-09-06,146,1606.84,IOT6409,2024-06-01 20:00:00,19.6364,78.7161,0.8031,None
FARM0380,North India,Wheat,29.81,6.0,34.11,172.75,40.45,4.56,Drip,Inorganic,20.92,2024-02-14,2024-05-30,106,2770.62,IOT2693,2024-06-02 12:00:00,27.267,82.3892,0.7987,Mild
FARM0381,Central USA,Cotton,35.43,6.59,31.42,254.73,69.93,4.13,Drip,Organic,28.94,2024-01-12,2024-05-18,127,3808.91,IOT2204,2024-06-06 08:00:00,29.1133,88.7091,0.3317,None
FARM0382,East Africa,Cotton,48.09,6.59,28.73,254.11,79.97,4.44,Sprinkler,Organic,79.56,2024-03-18,2024-07-06,110,5224.49,IOT7007,2024-06-01 02:00:00,11.5064,72.1548,0.7709,None
FARM0383,North India,Wheat,45.63,5.94,30.6,61.99,54.25,7.74,Manual,Organic,48.33,2024-03-21,2024-08-07,139,4365.81,IOT6085,2024-06-02 09:00:00,23.8057,73.1488,0.3387,None
FARM0384,South India,Rice,42.09,6.65,34.16,142.36,42.85,8.68,Manual,Organic,48.23,2024-02-22,2024-07-09,138,5449.05,IOT4814,2024-06-01 14:00:00,23.4924,72.1591,0.7175,Mild
FARM0385,North India,Cotton,49.93,6.69,24.31,165.75,88.24,7.96,Sprinkler,Organic,54.55,2024-02-14,2024-05-27,103,4119.22,IOT7149,2024-06-01 22:00:00,18.5246,84.9778,0.5654,None
FARM0386,South USA,Soybean,48.6,7.04,15.4,289.35,78.77,4.9,Sprinkler,Inorganic,6.6,2024-05-11,2024-08-31,112,2375.28,IOT7256,2024-06-02 12:00:00,24.5283,83.509,0.6805,None
FARM0387,South USA,Rice,13.08,6.43,29.14,195.19,64.74,6.12,None,Mixed,90.99,2024-02-23,2024-06-20,118,4231.73,IOT4973,2024-06-01 23:00:00,10.6981,79.7023,0.6278,None
FARM0388,South India,Cotton,38.73,7.1,26.68,215.89,59.39,8.08,Sprinkler,Inorganic,94.29,2024-04-05,2024-07-06,92,5181.98,IOT1179,2024-06-06 05:00:00,34.8156,80.7919,0.7545,None
FARM0389,Central USA,Rice,11.43,6.84,16.17,71.82,82.24,6.66,Sprinkler,Inorganic,15.16,2024-04-18,2024-08-28,132,2986.37,IOT3450,2024-06-07 08:00:00,28.1613,71.1803,0.6205,Mild
FARM0390,North India,Wheat,10.48,7.13,29.25,153.05,87.02,8.6,Drip,Organic,66.92,2024-03-23,2024-07-02,101,8013.98,IOT9071,2024-06-04 18:00:00,29.6922,73.0646,0.4402,None
FARM0391,East Africa,Rice,29.85,7.23,18.72,201.07,83.52,6.59,None,Mixed,42.51,2024-01-08,2024-05-09,122,4897.51,IOT7693,2024-06-02 15:00:00,32.7694,75.5192,0.4346,Mild
FARM0392,Central USA,Maize,36.41,6.75,21.39,55.1,49.59,7.51,Drip,Organic,46.19,2024-01-18,2024-05-06,109,1717.38,IOT1747,2024-06-03 14:00:00,21.1075,84.0031,0.6815,None
FARM0393,East Africa,Wheat,41.89,6.69,28.04,137.24,41.99,5.52,Manual,Inorganic,9.59,2024-02-18,2024-07-12,145,4053.94,IOT7633,2024-06-01 21:00:00,12.209,81.4596,0.5386,None
FARM0394,Central USA,Rice,24.54,5.83,29.0,259.2,53.69,5.12,Drip,Inorganic,91.23,2024-03-17,2024-07-21,126,2696.82,IOT7105,2024-06-04 16:00:00,14.4079,75.0431,0.4469,None
FARM0395,South USA,Maize,45.25,5.87,16.57,285.66,55.45,9.62,None,Mixed,80.37,2024-02-14,2024-05-31,107,4338.62,IOT1515,2024-06-04 02:00:00,20.3144,87.7846,0.7317,Mild
FARM0396,South USA,Rice,17.79,5.63,27.89,262.33,87.66,8.6,Sprinkler,Mixed,12.72,2024-02-09,2024-05-30,111,3435.62,IOT1303,2024-06-05 12:00:00,31.5068,74.2521,0.7036,Mild
FARM0397,South India,Rice,48.32,6.73,30.7,183.15,69.91,4.08,Sprinkler,Inorganic,16.76,2024-02-09,2024-06-11,123,5504.28,IOT9337,2024-06-02 19:00:00,23.6296,89.7374,0.8112,None
FARM0398,Central USA,Maize,22.29,6.03,27.02,100.02,80.77,7.14,Drip,Organic,10.93,2024-04-08,2024-08-18,132,3785.82,IOT7053,2024-06-06 20:00:00,12.7398,70.7875,0.5088,None
FARM0399,South USA,Wheat,35.15,5.99,15.41,131.21,59.93,7.81,Drip,Mixed,38.93,2024-02-23,2024-06-18,116,5369.37,IOT9015,2024-06-03 15:00:00,28.5976,70.3071,0.7104,Mild
FARM0400,Central USA,Soybean,15.68,6.92,32.66,119.5,49.02,8.56,Manual,Organic,73.31,2024-05-20,2024-08-18,90,2073.48,IOT4884,2024-06-02 21:00:00,30.4744,80.0404,0.3472,Mild
FARM0401,North India,Rice,16.52,6.95,23.9,238.47,75.7,4.16,Drip,Organic,86.87,2024-01-27,2024-04-27,91,3531.52,IOT6355,2024-06-07 11:00:00,11.3897,80.2781,0.3548,Severe
FARM0402,Central USA,Cotton,47.3,7.17,26.03,134.08,82.9,4.92,Sprinkler,Inorganic,49.25,2024-02-11,2024-06-20,130,3251.59,IOT8184,2024-06-07 13:00:00,17.5058,88.9515,0.6049,None
FARM0403,Central USA,Cotton,11.03,6.94,19.95,252.81,55.56,5.12,None,Inorganic,14.06,2024-02-08,2024-05-15,97,4391.51,IOT2408,2024-06-04 18:00:00,20.0989,79.741,0.3,Moderate
FARM0404,South USA,Rice,28.82,6.55,19.17,201.84,66.86,4.99,None,Mixed,69.19,2024-01-16,2024-04-28,103,1972.17,IOT2263,2024-06-02 10:00:00,28.7731,89.1021,0.3056,None
FARM0405,East Africa,Soybean,18.72,7.03,21.24,123.41,40.05,5.62,None,Mixed,28.46,2024-01-15,2024-05-30,136,1415.4,IOT4269,2024-06-02 17:00:00,11.4188,84.7981,0.6049,None
FARM0406,East Africa,Wheat,40.49,6.32,24.53,220.15,83.83,8.75,Drip,Mixed,58.43,2024-02-03,2024-06-29,147,2564.12,IOT2501,2024-06-06 08:00:00,15.2397,84.6057,0.3607,Moderate
FARM0407,East Africa,Cotton,34.79,7.09,28.92,95.62,60.58,7.21,Sprinkler,Organic,75.21,2024-05-24,2024-10-11,140,3670.48,IOT7592,2024-06-07 16:00:00,21.4948,84.1238,0.7787,None
FARM0408,East Africa,Maize,48.14,7.27,17.58,60.32,74.02,4.3,None,Mixed,51.94,2024-03-23,2024-07-04,103,1581.68,IOT7473,2024-06-06 04:00:00,19.6308,74.8551,0.6452,None
FARM0409,North India,Cotton,32.28,6.1,24.72,133.69,49.76,7.9,Sprinkler,Mixed,10.98,2024-01-25,2024-06-17,144,4226.27,IOT8190,2024-06-02 17:00:00,18.8891,72.9059,0.4171,Mild
FARM0410,South USA,Cotton,13.79,7.04,16.73,85.85,84.91,8.52,Sprinkler,Organic,9.37,2024-02-26,2024-07-03,128,3549.46,IOT3571,2024-06-02 20:00:00,13.0716,73.3939,0.5005,None
FARM0411,South India,Rice,26.47,7.32,18.28,112.12,70.31,4.7,Sprinkler,Inorganic,26.75,2024-04-24,2024-08-28,126,5060.55,IOT4923,2024-06-03 22:00:00,16.1926,88.0654,0.3659,Mild
FARM0412,South India,Rice,35.81,6.71,20.58,94.88,43.65,7.52,Drip,Mixed,91.31,2024-01-06,2024-05-04,119,3232.28,IOT5399,2024-06-02 21:00:00,32.3798,71.2571,0.8046,Mild
FARM0413,North India,Maize,37.6,5.57,27.8,79.2,63.26,8.36,Sprinkler,Organic,92.3,2024-02-27,2024-06-12,106,4228.35,IOT4450,2024-06-04 06:00:00,14.3429,71.2677,0.6165,None
FARM0414,South USA,Soybean,25.44,5.66,20.67,216.32,89.57,5.53,None,Organic,72.47,2024-03-04,2024-06-22,110,4079.37,IOT3797,2024-06-06 21:00:00,14.9336,82.979,0.5362,None
FARM0415,East Africa,Maize,41.48,6.61,29.5,81.52,76.06,6.48,Sprinkler,Mixed,18.1,2024-02-26,2024-06-04,99,4772.71,IOT3919,2024-06-03 20:00:00,19.0205,78.6984,0.5529,None
FARM0416,Central USA,Wheat,12.56,7.18,18.74,294.79,58.83,7.7,Sprinkler,Inorganic,57.23,2024-03-14,2024-08-05,144,2679.74,IOT9461,2024-06-07 09:00:00,33.2143,89.6522,0.5723,None
FARM0417,South USA,Maize,18.86,7.22,26.84,231.38,43.99,8.6,Drip,Organic,35.66,2024-02-04,2024-05-18,104,2888.65,IOT1522,2024-06-01 01:00:00,25.2897,83.7511,0.323,None
FARM0418,Central USA,Maize,26.95,7.42,19.27,299.36,74.88,8.66,Manual,Inorganic,77.44,2024-01-09,2024-04-19,101,4597.95,IOT5635,2024-06-06 23:00:00,14.4571,84.7545,0.3152,Moderate
FARM0419,South USA,Maize,24.17,5.71,28.17,57.46,64.12,5.63,Drip,Inorganic,32.39,2024-03-20,2024-08-14,147,3853.61,IOT9232,2024-06-01 04:00:00,10.8455,77.503,0.6047,Mild
FARM0420,South India,Cotton,46.45,6.89,29.33,126.01,75.8,8.26,Sprinkler,Inorganic,86.99,2024-01-26,2024-06-07,133,4817.42,IOT9809,2024-06-01 00:00:00,29.1026,77.9902,0.8014,Severe
FARM0421,South India,Soybean,10.38,6.71,31.43,207.49,79.3,8.8,None,Organic,95.02,2024-05-06,2024-09-26,143,6576.25,IOT5221,2024-06-01 10:00:00,29.4838,73.2101,0.5694,Mild
FARM0422,East Africa,Wheat,11.16,6.85,29.5,261.47,59.98,6.34,None,Inorganic,16.34,2024-01-25,2024-05-07,103,4314.04,IOT3704,2024-06-02 19:00:00,23.3662,71.9595,0.3918,Moderate
FARM0423,Central USA,Rice,25.47,5.81,19.71,156.16,54.22,8.21,None,Organic,46.79,2024-02-24,2024-07-11,138,3856.62,IOT3857,2024-06-01 17:00:00,32.4644,74.614,0.3213,Moderate
FARM0424,South USA,Maize,16.1,5.99,18.36,218.5,61.04,7.23,Manual,Inorganic,7.19,2024-04-21,2024-09-04,136,2278.63,IOT9173,2024-06-06 12:00:00,12.7668,87.7018,0.4685,None
FARM0425,South USA,Cotton,30.32,6.31,19.64,123.01,61.37,6.08,None,Organic,99.61,2024-04-24,2024-08-26,124,2724.85,IOT1434,2024-06-01 14:00:00,28.901,74.5762,0.6749,Mild
FARM0426,Central USA,Wheat,18.29,7.2,23.42,104.09,67.13,9.18,Sprinkler,Mixed,7.63,2024-04-27,2024-09-13,139,6024.52,IOT5180,2024-06-02 16:00:00,23.5389,83.1897,0.8361,None
FARM0427,East Africa,Cotton,24.86,6.32,21.35,159.61,70.52,6.96,Sprinkler,Mixed,66.25,2024-01-11,2024-05-17,127,5318.56,IOT9088,2024-06-03 02:00:00,28.6752,74.0541,0.3291,None
FARM0428,Central USA,Cotton,16.3,7.21,26.56,142.07,43.48,7.55,Manual,Inorganic,14.96,2024-02-01,2024-05-20,109,2350.3,IOT6609,2024-06-02 01:00:00,17.6957,74.4531,0.5823,Moderate
FARM0429,South USA,Cotton,46.22,5.61,16.67,224.64,49.53,5.9,None,Organic,72.44,2024-01-15,2024-04-30,106,1202.21,IOT6007,2024-06-04 23:00:00,27.3551,87.6593,0.4777,None
FARM0430,North India,Maize,46.48,6.57,21.0,244.02,55.62,9.78,Manual,Organic,51.54,2024-03-26,2024-06-29,95,5171.0,IOT1577,2024-06-05 18:00:00,11.6048,81.6158,0.5338,None
FARM0431,South USA,Wheat,45.92,6.67,33.07,152.7,88.95,6.16,Sprinkler,Mixed,13.69,2024-02-17,2024-06-05,109,5832.47,IOT8453,2024-06-01 03:00:00,27.4302,86.0664,0.5536,None
FARM0432,Central USA,Wheat,30.49,6.11,31.51,257.2,60.85,8.36,None,Mixed,37.27,2024-03-01,2024-07-21,142,4045.24,IOT5798,2024-06-05 18:00:00,22.6122,78.9435,0.7908,None
FARM0433,South India,Maize,10.87,6.88,25.51,269.01,64.93,5.33,None,Inorganic,5.05,2024-01-09,2024-05-21,133,5656.16,IOT2888,2024-06-04 18:00:00,22.4004,74.3021,0.3056,None
FARM0434,South India,Rice,25.77,5.77,26.59,227.58,73.78,6.36,Drip,Mixed,90.9,2024-02-14,2024-05-29,105,2966.24,IOT4977,2024-06-04 04:00:00,28.5521,70.2979,0.8521,None
FARM0435,South USA,Wheat,38.54,6.29,15.8,106.94,85.09,7.14,Manual,Inorganic,67.49,2024-03-26,2024-07-02,98,5650.2,IOT2859,2024-06-02 15:00:00,26.7891,72.4536,0.4432,Moderate
FARM0436,East Africa,Wheat,12.55,7.05,30.14,145.46,47.66,6.99,Drip,Organic,23.07,2024-05-14,2024-10-07,146,3096.93,IOT4694,2024-06-04 19:00:00,22.7737,70.4271,0.3777,Mild
FARM0437,South USA,Maize,15.84,6.43,20.06,105.9,87.89,6.17,Drip,Inorganic,53.49,2024-04-26,2024-08-05,101,2257.56,IOT9141,2024-06-06 04:00:00,10.5308,86.2877,0.3679,None
FARM0438,South USA,Cotton,39.42,5.76,28.07,256.58,84.47,7.48,Drip,Organic,52.83,2024-04-18,2024-09-06,141,3448.5,IOT6301,2024-06-06 17:00:00,24.049,85.7862,0.4472,None
FARM0439,Central USA,Maize,17.86,6.73,34.87,141.32,67.62,5.97,None,Inorganic,31.57,2024-04-17,2024-08-03,108,5950.82,IOT9442,2024-06-07 04:00:00,17.3238,79.2181,0.46,None
FARM0440,South USA,Wheat,46.46,5.8,19.99,213.06,87.71,5.8,Drip,Mixed,10.38,2024-04-12,2024-07-12,91,6104.57,IOT2342,2024-06-04 22:00:00,21.4673,80.6016,0.7829,Mild
FARM0441,South India,Wheat,25.5,6.0,25.39,124.33,53.09,8.67,None,Mixed,49.07,2024-03-25,2024-08-14,142,5936.12,IOT8353,2024-06-02 12:00:00,15.9757,81.1351,0.7257,None
FARM0442,Central USA,Rice,43.57,6.91,26.27,272.41,45.5,8.29,None,Organic,44.04,2024-04-26,2024-08-01,97,2316.16,IOT6255,2024-06-01 06:00:00,15.1489,79.0548,0.4666,None
FARM0443,East Africa,Rice,13.48,5.94,27.22,134.53,66.61,8.8,Drip,Organic,94.94,2024-05-12,2024-10-03,144,5633.93,IOT9312,2024-06-02 17:00:00,28.5988,77.9186,0.3781,None
FARM0444,South USA,Rice,10.51,6.63,24.39,114.9,48.05,5.13,Manual,Inorganic,12.1,2024-05-26,2024-09-28,125,4462.58,IOT5062,2024-06-01 06:00:00,30.7856,84.9542,0.6934,None
FARM0445,South USA,Wheat,17.15,7.06,32.43,147.41,65.57,9.72,Sprinkler,Inorganic,38.33,2024-05-15,2024-08-16,93,4521.07,IOT5427,2024-06-02 15:00:00,30.1838,88.6195,0.6345,None
FARM0446,South India,Cotton,10.29,6.33,19.56,220.83,49.72,9.05,Manual,Inorganic,74.91,2024-02-23,2024-06-06,104,3047.34,IOT8213,2024-06-06 05:00:00,24.0446,78.3365,0.7027,None
FARM0447,East Africa,Rice,13.54,5.9,17.05,180.25,89.41,4.21,None,Organic,77.49,2024-04-26,2024-08-26,122,3452.45,IOT6426,2024-06-06 10:00:00,25.3634,84.4387,0.7087,Moderate
FARM0448,Central USA,Cotton,14.82,7.36,28.66,81.79,78.6,6.15,None,Organic,77.36,2024-05-17,2024-09-28,134,5119.22,IOT2565,2024-06-01 13:00:00,33.7872,86.8775,0.7979,Severe
FARM0449,South USA,Soybean,13.89,7.03,22.62,97.59,64.16,9.55,Sprinkler,Mixed,71.23,2024-03-03,2024-07-09,128,2304.5,IOT3335,2024-06-03 20:00:00,23.0787,86.2748,0.5871,None
FARM0450,South USA,Cotton,23.21,7.24,33.35,287.0,53.63,9.48,Manual,Mixed,61.47,2024-05-14,2024-08-31,109,5860.59,IOT6322,2024-06-01 08:00:00,29.7335,73.4505,0.6769,None
FARM0451,South India,Soybean,31.89,6.98,34.48,297.41,89.96,9.34,Sprinkler,Organic,93.49,2024-05-04,2024-08-14,102,6599.65,IOT3260,2024-06-04 06:00:00,22.6171,81.869,0.8566,None
FARM0452,South India,Wheat,29.48,6.38,23.15,141.25,66.3,7.63,Drip,Inorganic,30.0,2024-05-18,2024-09-16,121,4197.88,IOT4091,2024-06-02 13:00:00,30.03,73.664,0.6754,Severe
FARM0453,Central USA,Soybean,20.52,6.59,17.5,246.34,79.56,5.81,Manual,Organic,49.33,2024-01-25,2024-05-15,111,2434.69,IOT5767,2024-06-02 08:00:00,27.9593,71.9929,0.6114,None
FARM0454,Central USA,Maize,45.78,5.86,25.29,79.7,53.97,8.12,None,Organic,21.66,2024-05-21,2024-08-23,94,1602.01,IOT2752,2024-06-01 06:00:00,32.7899,76.2227,0.3419,None
FARM0455,South India,Cotton,31.09,5.7,24.0,131.57,54.11,7.25,Sprinkler,Inorganic,82.46,2024-05-01,2024-07-31,91,3081.95,IOT2993,2024-06-05 19:00:00,10.1087,88.2249,0.7564,None
FARM0456,North India,Maize,10.8,5.56,25.52,74.01,88.22,9.36,None,Inorganic,48.09,2024-04-09,2024-08-17,130,5150.65,IOT3094,2024-06-07 06:00:00,24.7447,75.8293,0.4007,None
FARM0457,North India,Cotton,18.93,7.3,28.98,97.36,68.51,9.61,None,Mixed,40.3,2024-02-07,2024-06-06,120,2398.94,IOT2427,2024-06-06 23:00:00,21.1663,73.6172,0.3856,None
FARM0458,North India,Maize,11.9,6.3,18.25,222.2,43.94,7.28,Sprinkler,Mixed,66.44,2024-04-08,2024-08-05,119,3714.85,IOT5736,2024-06-05 00:00:00,32.1003,80.2231,0.8262,None
FARM0459,South India,Cotton,47.76,5.59,23.06,65.2,55.47,5.05,Drip,Inorganic,17.84,2024-03-05,2024-07-24,141,3964.09,IOT3660,2024-06-05 19:00:00,31.8289,89.3196,0.4531,None
FARM0460,Central USA,Cotton,30.11,6.63,15.93,243.83,51.62,6.01,Manual,Mixed,89.05,2024-04-13,2024-07-19,97,3004.28,IOT1751,2024-06-03 15:00:00,31.4836,72.0291,0.3611,None
FARM0461,South USA,Wheat,10.4,7.14,32.65,295.23,81.97,6.67,None,Mixed,82.66,2024-03-08,2024-06-16,100,4838.09,IOT5520,2024-06-02 17:00:00,27.0539,81.8044,0.6776,None
FARM0462,Central USA,Rice,43.57,7.03,17.37,111.39,41.33,4.05,None,Inorganic,56.32,2024-04-08,2024-08-24,138,1617.53,IOT8442,2024-06-01 02:00:00,33.8234,88.2586,0.3343,None
FARM0463,South India,Soybean,48.43,6.89,18.73,89.53,68.48,7.8,None,Inorganic,69.9,2024-03-10,2024-07-05,117,4885.5,IOT8854,2024-06-03 07:00:00,22.602,88.1609,0.3532,None
FARM0464,Central USA,Soybean,49.47,6.12,25.37,184.02,78.54,7.11,None,Inorganic,84.63,2024-01-26,2024-05-13,108,5326.31,IOT7670,2024-06-04 08:00:00,28.2104,85.2465,0.8101,None
FARM0465,Central USA,Maize,11.33,5.73,30.52,253.25,69.62,7.49,Manual,Mixed,81.87,2024-01-20,2024-05-03,104,5536.13,IOT2707,2024-06-01 10:00:00,26.5879,72.6148,0.4416,None
FARM0466,North India,Wheat,21.49,6.48,23.0,274.35,43.59,7.4,Drip,Inorganic,93.22,2024-01-14,2024-05-05,112,5318.24,IOT3265,2024-06-04 08:00:00,25.3973,81.092,0.7093,Mild
FARM0467,North India,Cotton,35.48,6.56,18.66,80.91,64.29,4.96,Manual,Organic,29.68,2024-01-17,2024-05-25,129,4022.6,IOT5942,2024-06-04 23:00:00,31.1657,71.7811,0.5339,None
FARM0468,South USA,Maize,14.24,5.71,23.33,58.26,52.75,5.21,Sprinkler,Inorganic,81.81,2024-01-20,2024-05-03,104,4409.94,IOT9778,2024-06-04 21:00:00,22.6842,74.3804,0.4678,None
FARM0469,South USA,Soybean,13.71,6.62,15.54,291.59,57.07,8.17,Drip,Mixed,58.51,2024-04-15,2024-08-04,111,5291.03,IOT7115,2024-06-07 22:00:00,27.5085,72.3459,0.5439,None
FARM0470,East Africa,Soybean,48.84,6.32,19.36,178.48,72.49,6.75,None,Inorganic,79.13,2024-01-03,2024-05-12,130,3843.68,IOT1859,2024-06-05 11:00:00,12.2883,83.3419,0.8589,None
FARM0471,North India,Soybean,13.77,5.67,28.17,146.33,83.57,7.1,Manual,Inorganic,31.13,2024-02-11,2024-05-14,93,4293.32,IOT5627,2024-06-01 15:00:00,33.0391,77.1993,0.6672,None
FARM0472,South USA,Soybean,33.88,6.32,22.81,255.09,41.48,5.77,Manual,Organic,98.13,2024-05-24,2024-10-02,131,5361.12,IOT7045,2024-06-06 12:00:00,10.4601,86.823,0.8767,Severe
FARM0473,North India,Rice,30.4,6.41,26.68,272.56,44.52,8.17,Drip,Inorganic,60.58,2024-04-10,2024-07-12,93,5687.12,IOT4856,2024-06-06 18:00:00,18.5748,82.8961,0.4384,None
FARM0474,North India,Maize,35.12,6.74,34.33,124.5,60.95,6.42,Sprinkler,Organic,0.12,2024-05-05,2024-08-03,90,5747.89,IOT4869,2024-06-04 08:00:00,26.7105,88.2578,0.7187,None
FARM0475,East Africa,Maize,43.7,7.3,18.48,223.75,88.15,7.9,None,Mixed,8.73,2024-03-09,2024-08-04,148,4629.83,IOT2304,2024-06-02 16:00:00,13.8992,73.4419,0.7986,None
FARM0476,North India,Maize,24.35,5.65,27.42,134.87,76.65,6.92,Manual,Organic,36.45,2024-03-10,2024-07-19,131,4630.06,IOT8973,2024-06-02 06:00:00,18.287,89.0253,0.71,None
FARM0477,Central USA,Soybean,38.59,6.44,34.88,233.4,65.9,8.83,Sprinkler,Inorganic,71.4,2024-02-13,2024-06-14,122,5602.41,IOT6318,2024-06-06 19:00:00,32.9236,83.7219,0.7138,None
FARM0478,East Africa,Wheat,36.09,6.37,23.25,79.41,71.18,5.05,Sprinkler,Inorganic,37.88,2024-04-17,2024-08-20,125,3833.01,IOT1005,2024-06-01 21:00:00,22.2965,80.4861,0.5096,Mild
FARM0479,North India,Cotton,43.45,5.76,19.57,190.35,55.33,4.25,Drip,Inorganic,72.25,2024-02-07,2024-06-05,119,3091.26,IOT9386,2024-06-05 07:00:00,27.152,79.5563,0.3489,None
FARM0480,Central USA,Cotton,34.11,7.3,15.94,179.07,62.53,9.57,Sprinkler,Organic,87.03,2024-05-03,2024-09-07,127,4652.03,IOT8044,2024-06-06 02:00:00,26.7042,70.1083,0.8191,None
FARM0481,North India,Cotton,45.25,6.8,26.59,295.07,54.03,4.39,Sprinkler,Mixed,69.97,2024-01-08,2024-04-26,109,3426.62,IOT6356,2024-06-05 20:00:00,27.2658,79.1436,0.7134,None
FARM0482,South USA,Rice,23.39,7.47,16.3,220.94,62.71,8.93,Sprinkler,Inorganic,63.29,2024-02-07,2024-06-25,139,3669.69,IOT4641,2024-06-02 11:00:00,28.5528,74.3726,0.3678,None
FARM0483,Central USA,Wheat,40.74,6.16,21.54,222.17,52.64,9.45,Drip,Inorganic,11.46,2024-04-23,2024-08-28,127,3192.81,IOT4496,2024-06-06 06:00:00,25.9116,87.4585,0.7847,None
FARM0484,South India,Maize,43.32,5.96,25.26,220.29,46.5,9.59,Manual,Inorganic,3.61,2024-02-25,2024-07-05,131,1870.19,IOT2884,2024-06-01 14:00:00,30.8669,88.315,0.4419,None
FARM0485,South USA,Maize,12.62,7.4,21.76,161.41,48.38,9.19,None,Inorganic,81.61,2024-05-24,2024-09-08,107,2564.98,IOT1356,2024-06-02 15:00:00,17.1419,72.4735,0.4726,Mild
FARM0486,South USA,Cotton,45.65,6.19,18.28,294.65,67.29,6.86,None,Inorganic,2.31,2024-01-05,2024-05-03,119,4766.28,IOT2746,2024-06-02 05:00:00,23.7856,89.016,0.4552,Moderate
FARM0487,East Africa,Cotton,27.19,5.93,32.27,98.85,82.95,6.73,None,Organic,6.37,2024-05-04,2024-09-20,139,5829.27,IOT1355,2024-06-02 12:00:00,25.55,74.2351,0.3774,Moderate
FARM0488,North India,Wheat,10.86,6.83,22.32,228.51,71.41,7.91,Manual,Inorganic,11.96,2024-03-11,2024-07-02,113,5187.61,IOT7807,2024-06-03 13:00:00,29.0277,74.926,0.8176,None
FARM0489,East Africa,Soybean,44.1,6.26,33.17,266.86,43.1,5.83,Drip,Organic,42.31,2024-03-13,2024-06-29,108,5712.47,IOT7250,2024-06-01 02:00:00,15.1951,83.916,0.6271,None
FARM0490,East Africa,Soybean,34.98,7.31,17.06,289.79,88.38,9.58,Drip,Mixed,73.53,2024-01-18,2024-05-20,123,4562.76,IOT6062,2024-06-03 09:00:00,10.4602,84.4703,0.8117,None
FARM0491,East Africa,Rice,44.27,7.04,22.52,54.7,40.3,5.22,Drip,Inorganic,80.0,2024-05-20,2024-09-26,129,4075.14,IOT6851,2024-06-06 20:00:00,23.1538,75.6204,0.3088,None
FARM0492,South USA,Rice,17.33,6.46,32.34,261.16,88.25,6.9,Sprinkler,Organic,81.66,2024-03-02,2024-07-21,141,4924.78,IOT8518,2024-06-02 18:00:00,13.3149,73.4378,0.8185,None
FARM0493,Central USA,Maize,15.28,6.55,25.73,60.66,87.71,8.84,Drip,Inorganic,28.87,2024-04-20,2024-08-06,108,3568.73,IOT7092,2024-06-04 08:00:00,17.1484,88.7893,0.8487,None
FARM0494,South USA,Soybean,16.78,5.93,24.2,194.08,56.29,7.45,Sprinkler,Inorganic,62.47,2024-03-23,2024-07-29,128,2034.47,IOT6303,2024-06-02 01:00:00,29.0399,87.3189,0.4712,Moderate
FARM0495,South USA,Soybean,35.6,6.67,19.6,140.46,85.52,6.79,Manual,Organic,35.46,2024-05-18,2024-10-05,140,4675.94,IOT9921,2024-06-03 12:00:00,34.0932,71.1094,0.3239,None
FARM0496,North India,Soybean,33.72,6.84,27.9,265.82,50.94,7.82,Manual,Mixed,39.17,2024-01-27,2024-05-01,95,2724.77,IOT9920,2024-06-03 11:00:00,20.8627,88.6547,0.6025,Mild
FARM0497,South USA,Maize,32.55,6.94,32.7,189.94,47.5,7.59,Drip,Organic,39.19,2024-02-22,2024-06-26,125,3716.31,IOT6963,2024-06-04 19:00:00,21.591,85.0419,0.5389,None
FARM0498,South India,Wheat,48.04,7.1,19.11,147.83,86.39,4.74,Drip,Organic,98.56,2024-05-05,2024-09-06,124,3329.86,IOT3353,2024-06-07 14:00:00,25.1604,80.1402,0.5962,None
FARM0499,South India,Rice,27.25,6.32,26.93,201.56,40.75,4.75,Sprinkler,Inorganic,27.34,2024-02-26,2024-06-19,114,2803.64,IOT4658,2024-06-01 10:00:00,13.3505,76.6168,0.327,None
FARM0500,South India,Cotton,16.55,7.28,29.21,56.93,83.84,9.86,Manual,Mixed,78.79,2024-05-26,2024-10-03,130,5490.94,IOT8348,2024-06-07 16:00:00,21.9108,78.3677,0.4831,None
